satisfaction_id,consult_id,customer_id,survey_date,csat,nps,comment
SAT0001,CON0001,C001,2024-12-07,3,7,
SAT0002,CON0002,C001,2024-01-10,2,7,기대보다 별로였어요.
SAT0003,CON0003,C002,2024-09-04,4,5,
SAT0004,CON0004,C002,2024-06-26,4,6,도움이 됐습니다.
SAT0005,CON0005,C002,2024-10-15,4,2,상담사가 친절했어요.
SAT0006,CON0006,C003,2024-04-17,4,4,도움이 됐습니다.
SAT0007,CON0007,C003,2024-01-22,3,9,보통이에요.
SAT0008,CON0008,C003,2024-05-03,3,6,그럭저럭이에요.
SAT0009,CON0009,C003,2024-03-26,4,7,
SAT0010,CON0010,C004,2024-05-20,5,8,문제가 바로 해결됐어요. 최고입니다.
SAT0011,CON0011,C004,2024-11-30,3,6,그럭저럭이에요.
SAT0012,CON0012,C004,2024-10-15,4,9,
SAT0013,CON0013,C004,2024-11-08,3,6,
SAT0014,CON0014,C005,2024-04-13,3,4,
SAT0015,CON0015,C006,2024-04-04,5,7,문제가 바로 해결됐어요. 최고입니다.
SAT0016,CON0016,C006,2024-09-18,1,5,
SAT0017,CON0017,C007,2024-04-07,4,7,
SAT0018,CON0018,C007,2024-11-14,3,2,그럭저럭이에요.
SAT0019,CON0019,C008,2024-06-07,5,5,
SAT0020,CON0020,C008,2024-06-22,3,6,해결은 됐는데 시간이 좀 걸렸어요.
SAT0021,CON0021,C008,2024-10-28,3,6,보통이에요.
SAT0022,CON0022,C009,2024-01-07,5,7,정말 친절하게 도와주셔서 감사해요!
SAT0023,CON0023,C009,2024-03-26,4,5,도움이 됐습니다.
SAT0024,CON0024,C010,2024-05-24,4,5,상담사가 친절했어요.
SAT0025,CON0025,C010,2024-12-27,5,5,
SAT0026,CON0026,C010,2024-12-19,3,7,
SAT0027,CON0027,C010,2024-07-16,3,9,해결은 됐는데 시간이 좀 걸렸어요.
SAT0028,CON0028,C011,2024-07-20,1,5,너무 불만족스러워요.
SAT0029,CON0029,C011,2024-06-19,2,6,
SAT0030,CON0030,C011,2024-06-29,5,5,
SAT0031,CON0031,C011,2024-07-22,2,4,기대보다 별로였어요.
SAT0032,CON0032,C011,2024-07-11,4,1,도움이 됐습니다.
SAT0033,CON0033,C011,2024-07-15,4,6,도움이 됐습니다.
SAT0034,CON0034,C011,2024-06-30,3,6,그럭저럭이에요.
SAT0035,CON0035,C011,2024-06-29,5,5,
SAT0036,CON0036,C012,2024-03-03,3,6,해결은 됐는데 시간이 좀 걸렸어요.
SAT0037,CON0037,C012,2024-08-27,5,4,
SAT0038,CON0038,C012,2024-11-30,4,6,
SAT0039,CON0039,C012,2024-11-19,4,5,상담사가 친절했어요.
SAT0040,CON0040,C013,2024-12-02,4,8,대체로 만족스러웠어요.
SAT0041,CON0041,C013,2024-05-07,1,5,전혀 해결이 안 됐어요.
SAT0042,CON0042,C013,2024-10-07,3,5,
SAT0043,CON0043,C014,2024-04-11,3,6,해결은 됐는데 시간이 좀 걸렸어요.
SAT0044,CON0044,C015,2024-06-18,4,5,대체로 만족스러웠어요.
SAT0045,CON0045,C015,2024-07-24,4,7,대체로 만족스러웠어요.
SAT0046,CON0046,C015,2024-08-10,4,7,대체로 만족스러웠어요.
SAT0047,CON0047,C016,2024-08-07,3,6,
SAT0048,CON0048,C016,2024-12-09,2,4,
SAT0049,CON0049,C016,2024-09-22,4,8,
SAT0050,CON0050,C016,2024-02-20,4,6,
SAT0051,CON0051,C017,2024-10-31,4,7,대체로 만족스러웠어요.
SAT0052,CON0052,C017,2024-07-09,5,6,
SAT0053,CON0053,C017,2024-09-24,3,6,해결은 됐는데 시간이 좀 걸렸어요.
SAT0054,CON0054,C018,2024-03-17,4,7,상담사가 친절했어요.
SAT0055,CON0055,C018,2024-06-06,3,2,해결은 됐는데 시간이 좀 걸렸어요.
SAT0056,CON0056,C019,2024-10-11,3,6,
SAT0057,CON0057,C019,2024-10-21,5,9,정말 친절하게 도와주셔서 감사해요!
SAT0058,CON0058,C019,2024-04-02,4,6,대체로 만족스러웠어요.
SAT0059,CON0059,C020,2024-03-11,4,4,대체로 만족스러웠어요.
SAT0060,CON0060,C021,2024-03-01,3,4,그럭저럭이에요.
SAT0061,CON0061,C022,2024-07-07,2,6,개선이 필요한 것 같아요.
SAT0062,CON0062,C022,2024-06-01,4,10,상담사가 친절했어요.
SAT0063,CON0063,C022,2024-09-09,4,7,도움이 됐습니다.
SAT0064,CON0064,C023,2024-08-29,2,5,개선이 필요한 것 같아요.
SAT0065,CON0065,C023,2024-09-19,3,1,
SAT0066,CON0066,C023,2024-08-23,1,1,
SAT0067,CON0067,C023,2024-09-29,3,5,
SAT0068,CON0068,C024,2024-04-19,4,3,
SAT0069,CON0069,C024,2024-08-09,2,2,기대보다 별로였어요.
SAT0070,CON0070,C024,2024-11-24,5,7,정말 친절하게 도와주셔서 감사해요!
SAT0071,CON0071,C025,2024-03-03,3,7,그럭저럭이에요.
SAT0072,CON0072,C025,2024-04-06,3,5,해결은 됐는데 시간이 좀 걸렸어요.
SAT0073,CON0073,C026,2024-01-28,4,6,도움이 됐습니다.
SAT0074,CON0074,C026,2024-02-01,5,5,빠른 처리에 매우 만족합니다.
SAT0075,CON0075,C026,2024-11-19,4,7,도움이 됐습니다.
SAT0076,CON0076,C027,2024-04-16,2,6,개선이 필요한 것 같아요.
SAT0077,CON0077,C027,2024-06-22,3,8,그럭저럭이에요.
SAT0078,CON0078,C027,2024-11-05,3,8,보통이에요.
SAT0079,CON0079,C028,2024-06-18,5,6,빠른 처리에 매우 만족합니다.
SAT0080,CON0080,C028,2024-12-02,2,6,처리가 느렸어요.
SAT0081,CON0081,C029,2024-06-29,5,6,
SAT0082,CON0082,C030,2024-01-10,4,4,상담사가 친절했어요.
SAT0083,CON0083,C030,2024-03-23,4,3,대체로 만족스러웠어요.
SAT0084,CON0084,C030,2024-04-03,3,7,그럭저럭이에요.
SAT0085,CON0085,C030,2024-03-13,4,10,
SAT0086,CON0086,C031,2024-06-22,5,5,
SAT0087,CON0087,C031,2024-07-19,3,10,해결은 됐는데 시간이 좀 걸렸어요.
SAT0088,CON0088,C031,2024-09-09,5,7,
SAT0089,CON0089,C032,2024-11-03,4,6,도움이 됐습니다.
SAT0090,CON0090,C032,2024-10-20,2,6,
SAT0091,CON0091,C032,2024-11-04,1,3,전혀 해결이 안 됐어요.
SAT0092,CON0092,C033,2024-09-29,2,3,개선이 필요한 것 같아요.
SAT0093,CON0093,C033,2024-09-29,2,9,기대보다 별로였어요.
SAT0094,CON0094,C033,2024-11-22,4,10,도움이 됐습니다.
SAT0095,CON0095,C033,2024-05-02,3,6,그럭저럭이에요.
SAT0096,CON0096,C034,2024-08-16,5,8,
SAT0097,CON0097,C034,2024-03-18,5,9,빠른 처리에 매우 만족합니다.
SAT0098,CON0098,C035,2024-05-30,3,6,그럭저럭이에요.
SAT0099,CON0099,C036,2024-04-01,3,6,그럭저럭이에요.
SAT0100,CON0100,C036,2024-07-28,4,2,상담사가 친절했어요.
SAT0101,CON0101,C037,2024-02-06,4,6,
SAT0102,CON0102,C038,2024-03-10,4,5,
SAT0103,CON0103,C038,2024-02-16,2,5,
SAT0104,CON0104,C039,2024-11-27,4,4,상담사가 친절했어요.
SAT0105,CON0105,C039,2024-03-03,3,5,그럭저럭이에요.
SAT0106,CON0106,C039,2024-12-13,3,8,그럭저럭이에요.
SAT0107,CON0107,C040,2024-09-23,3,9,보통이에요.
SAT0108,CON0108,C041,2024-02-18,5,4,
SAT0109,CON0109,C042,2024-01-03,2,8,
SAT0110,CON0110,C042,2024-07-26,3,7,그럭저럭이에요.
SAT0111,CON0111,C043,2024-03-19,2,8,기대보다 별로였어요.
SAT0112,CON0112,C043,2024-02-13,5,6,정말 친절하게 도와주셔서 감사해요!
SAT0113,CON0113,C043,2024-02-24,3,5,그럭저럭이에요.
SAT0114,CON0114,C043,2024-05-29,2,7,개선이 필요한 것 같아요.
SAT0115,CON0115,C045,2024-11-14,2,5,처리가 느렸어요.
SAT0116,CON0116,C045,2024-04-17,4,6,대체로 만족스러웠어요.
SAT0117,CON0117,C045,2024-08-11,3,8,그럭저럭이에요.
SAT0118,CON0118,C046,2024-11-15,4,6,
SAT0119,CON0119,C046,2024-09-19,3,3,
SAT0120,CON0120,C046,2024-08-26,2,3,
SAT0121,CON0121,C046,2024-09-16,3,3,
SAT0122,CON0122,C047,2024-10-06,2,5,
SAT0123,CON0123,C047,2024-06-03,2,6,개선이 필요한 것 같아요.
SAT0124,CON0124,C048,2024-06-07,3,5,보통이에요.
SAT0125,CON0125,C048,2024-08-14,5,9,
SAT0126,CON0126,C048,2024-12-01,4,5,상담사가 친절했어요.
SAT0127,CON0127,C048,2024-03-05,3,4,그럭저럭이에요.
SAT0128,CON0128,C049,2024-11-11,4,5,도움이 됐습니다.
SAT0129,CON0129,C049,2024-04-25,3,5,보통이에요.
SAT0130,CON0130,C049,2024-12-13,4,4,대체로 만족스러웠어요.
SAT0131,CON0131,C050,2024-06-03,3,7,
SAT0132,CON0132,C051,2024-12-04,4,8,
SAT0133,CON0133,C052,2024-09-25,3,2,보통이에요.
SAT0134,CON0134,C052,2024-10-28,5,7,정말 친절하게 도와주셔서 감사해요!
SAT0135,CON0135,C052,2024-09-08,4,5,도움이 됐습니다.
SAT0136,CON0136,C052,2024-11-16,4,6,상담사가 친절했어요.
SAT0137,CON0137,C053,2024-12-02,3,6,그럭저럭이에요.
SAT0138,CON0138,C053,2024-01-07,2,5,처리가 느렸어요.
SAT0139,CON0139,C054,2024-11-17,3,7,
SAT0140,CON0140,C054,2024-01-16,4,5,도움이 됐습니다.
SAT0141,CON0141,C055,2024-10-15,4,9,도움이 됐습니다.
SAT0142,CON0142,C055,2024-06-10,4,7,
SAT0143,CON0143,C055,2024-03-18,3,8,해결은 됐는데 시간이 좀 걸렸어요.
SAT0144,CON0144,C056,2024-08-20,4,6,대체로 만족스러웠어요.
SAT0145,CON0145,C057,2024-08-22,4,4,대체로 만족스러웠어요.
SAT0146,CON0146,C057,2024-12-13,4,3,
SAT0147,CON0147,C060,2024-09-09,1,1,
SAT0148,CON0148,C060,2024-08-11,4,5,상담사가 친절했어요.
SAT0149,CON0149,C060,2024-08-12,4,6,상담사가 친절했어요.
SAT0150,CON0150,C060,2024-08-19,4,8,도움이 됐습니다.
SAT0151,CON0151,C060,2024-09-21,2,7,
SAT0152,CON0152,C060,2024-09-08,2,4,기대보다 별로였어요.
SAT0153,CON0153,C061,2024-12-09,1,4,전혀 해결이 안 됐어요.
SAT0154,CON0154,C061,2024-11-24,1,0,
SAT0155,CON0155,C061,2024-10-31,5,5,
SAT0156,CON0156,C062,2024-11-25,4,7,대체로 만족스러웠어요.
SAT0157,CON0157,C062,2024-10-15,4,7,
SAT0158,CON0158,C063,2024-07-31,4,6,
SAT0159,CON0159,C063,2024-02-06,4,4,상담사가 친절했어요.
SAT0160,CON0160,C063,2024-11-16,4,5,대체로 만족스러웠어요.
SAT0161,CON0161,C064,2024-08-06,4,6,도움이 됐습니다.
SAT0162,CON0162,C064,2024-07-27,4,8,
SAT0163,CON0163,C064,2024-07-12,5,4,정말 친절하게 도와주셔서 감사해요!
SAT0164,CON0164,C064,2024-07-26,5,7,문제가 바로 해결됐어요. 최고입니다.
SAT0165,CON0165,C065,2024-08-24,2,5,
SAT0166,CON0166,C065,2024-03-15,4,5,
SAT0167,CON0167,C066,2024-01-16,4,5,대체로 만족스러웠어요.
SAT0168,CON0168,C066,2024-06-02,4,3,도움이 됐습니다.
SAT0169,CON0169,C067,2024-02-23,4,8,
SAT0170,CON0170,C067,2024-02-29,3,7,
SAT0171,CON0171,C068,2024-09-11,3,2,
SAT0172,CON0172,C068,2024-08-12,5,5,빠른 처리에 매우 만족합니다.
SAT0173,CON0173,C068,2024-08-13,4,7,상담사가 친절했어요.
SAT0174,CON0174,C069,2024-06-25,4,7,상담사가 친절했어요.
SAT0175,CON0175,C070,2024-04-09,2,7,개선이 필요한 것 같아요.
SAT0176,CON0176,C070,2024-09-12,3,7,그럭저럭이에요.
SAT0177,CON0177,C070,2024-06-10,3,2,그럭저럭이에요.
SAT0178,CON0178,C070,2024-05-15,4,8,
SAT0179,CON0179,C072,2024-02-23,3,6,보통이에요.
SAT0180,CON0180,C073,2024-09-22,3,5,보통이에요.
SAT0181,CON0181,C073,2024-05-28,4,1,
SAT0182,CON0182,C073,2024-12-07,4,6,도움이 됐습니다.
SAT0183,CON0183,C073,2024-03-01,3,5,
SAT0184,CON0184,C074,2024-03-25,3,9,그럭저럭이에요.
SAT0185,CON0185,C074,2024-06-15,4,3,대체로 만족스러웠어요.
SAT0186,CON0186,C075,2024-02-02,4,7,도움이 됐습니다.
SAT0187,CON0187,C075,2024-01-31,3,6,보통이에요.
SAT0188,CON0188,C076,2024-08-06,3,7,
SAT0189,CON0189,C076,2024-11-11,4,8,
SAT0190,CON0190,C077,2024-10-24,3,6,그럭저럭이에요.
SAT0191,CON0191,C078,2024-08-28,4,5,도움이 됐습니다.
SAT0192,CON0192,C079,2024-01-28,5,5,문제가 바로 해결됐어요. 최고입니다.
SAT0193,CON0193,C079,2024-10-29,3,5,해결은 됐는데 시간이 좀 걸렸어요.
SAT0194,CON0194,C079,2024-06-25,5,7,빠른 처리에 매우 만족합니다.
SAT0195,CON0195,C079,2024-06-20,2,5,기대보다 별로였어요.
SAT0196,CON0196,C080,2024-06-21,2,6,
SAT0197,CON0197,C080,2024-06-08,2,3,
SAT0198,CON0198,C080,2024-06-23,2,6,기대보다 별로였어요.
SAT0199,CON0199,C081,2024-11-16,4,7,도움이 됐습니다.
SAT0200,CON0200,C081,2024-07-26,3,5,보통이에요.
SAT0201,CON0201,C081,2024-03-20,3,5,보통이에요.
SAT0202,CON0202,C081,2024-08-12,3,10,
SAT0203,CON0203,C082,2024-10-20,4,8,도움이 됐습니다.
SAT0204,CON0204,C082,2024-03-18,2,3,처리가 느렸어요.
SAT0205,CON0205,C082,2024-02-09,4,8,
SAT0206,CON0206,C082,2024-06-06,4,7,대체로 만족스러웠어요.
SAT0207,CON0207,C083,2024-01-23,3,4,
SAT0208,CON0208,C083,2024-01-14,4,7,상담사가 친절했어요.
SAT0209,CON0209,C084,2024-08-06,4,8,상담사가 친절했어요.
SAT0210,CON0210,C084,2024-04-18,4,8,
SAT0211,CON0211,C085,2024-09-25,3,6,보통이에요.
SAT0212,CON0212,C085,2024-12-26,4,5,도움이 됐습니다.
SAT0213,CON0213,C086,2024-09-15,3,7,그럭저럭이에요.
SAT0214,CON0214,C086,2024-08-11,4,4,대체로 만족스러웠어요.
SAT0215,CON0215,C086,2024-08-27,2,3,
SAT0216,CON0216,C087,2024-06-24,2,4,처리가 느렸어요.
SAT0217,CON0217,C087,2024-04-25,4,6,대체로 만족스러웠어요.
SAT0218,CON0218,C087,2024-11-21,2,3,개선이 필요한 것 같아요.
SAT0219,CON0219,C088,2024-09-11,4,6,도움이 됐습니다.
SAT0220,CON0220,C088,2024-06-08,5,4,빠른 처리에 매우 만족합니다.
SAT0221,CON0221,C089,2024-07-01,2,3,개선이 필요한 것 같아요.
SAT0222,CON0222,C089,2024-11-20,4,4,대체로 만족스러웠어요.
SAT0223,CON0223,C089,2024-11-18,4,8,
SAT0224,CON0224,C090,2024-06-19,4,5,대체로 만족스러웠어요.
SAT0225,CON0225,C090,2024-10-01,1,5,다음엔 이용하고 싶지 않아요.
SAT0226,CON0226,C090,2024-08-31,4,5,상담사가 친절했어요.
SAT0227,CON0227,C091,2024-03-11,2,5,기대보다 별로였어요.
SAT0228,CON0228,C091,2024-10-17,3,3,그럭저럭이에요.
SAT0229,CON0229,C093,2024-07-01,4,5,도움이 됐습니다.
SAT0230,CON0230,C093,2024-11-29,4,2,
SAT0231,CON0231,C094,2024-05-05,3,6,그럭저럭이에요.
SAT0232,CON0232,C094,2024-09-16,5,5,문제가 바로 해결됐어요. 최고입니다.
SAT0233,CON0233,C094,2024-01-30,4,6,상담사가 친절했어요.
SAT0234,CON0234,C094,2024-10-24,5,5,문제가 바로 해결됐어요. 최고입니다.
SAT0235,CON0235,C095,2024-05-09,3,3,보통이에요.
SAT0236,CON0236,C095,2024-03-16,3,8,
SAT0237,CON0237,C095,2024-03-24,2,5,기대보다 별로였어요.
SAT0238,CON0238,C096,2024-01-29,1,8,너무 불만족스러워요.
SAT0239,CON0239,C096,2024-02-03,2,5,
SAT0240,CON0240,C096,2024-08-13,3,6,해결은 됐는데 시간이 좀 걸렸어요.
SAT0241,CON0241,C096,2024-10-16,5,8,문제가 바로 해결됐어요. 최고입니다.
SAT0242,CON0242,C097,2024-08-13,2,6,처리가 느렸어요.
SAT0243,CON0243,C097,2024-08-04,1,6,
SAT0244,CON0244,C097,2024-09-02,4,2,도움이 됐습니다.
SAT0245,CON0245,C097,2024-09-03,2,3,처리가 느렸어요.
SAT0246,CON0246,C097,2024-08-07,3,2,보통이에요.
SAT0247,CON0247,C097,2024-08-01,3,5,보통이에요.
SAT0248,CON0248,C098,2024-04-17,3,6,보통이에요.
SAT0249,CON0249,C098,2024-10-21,3,9,보통이에요.
SAT0250,CON0250,C098,2024-08-16,4,7,도움이 됐습니다.
SAT0251,CON0251,C098,2024-11-09,5,7,
SAT0252,CON0252,C099,2024-06-09,3,5,보통이에요.
SAT0253,CON0253,C099,2024-08-17,3,4,그럭저럭이에요.
SAT0254,CON0254,C099,2024-09-26,5,6,정말 친절하게 도와주셔서 감사해요!
SAT0255,CON0255,C100,2024-10-19,3,7,
SAT0256,CON0256,C100,2024-02-04,4,5,
SAT0257,CON0257,C100,2024-05-11,2,4,기대보다 별로였어요.
SAT0258,CON0258,C101,2024-01-22,3,7,보통이에요.
SAT0259,CON0259,C101,2024-11-02,5,5,문제가 바로 해결됐어요. 최고입니다.
SAT0260,CON0260,C101,2024-05-23,3,3,해결은 됐는데 시간이 좀 걸렸어요.
SAT0261,CON0261,C101,2024-07-16,2,5,
SAT0262,CON0262,C102,2024-11-08,3,6,그럭저럭이에요.
SAT0263,CON0263,C102,2024-06-12,5,2,
SAT0264,CON0264,C102,2024-07-04,4,2,도움이 됐습니다.
SAT0265,CON0265,C102,2024-11-04,3,7,보통이에요.
SAT0266,CON0266,C103,2024-04-24,4,8,상담사가 친절했어요.
SAT0267,CON0267,C103,2024-09-25,4,6,대체로 만족스러웠어요.
SAT0268,CON0268,C103,2024-02-08,4,4,
SAT0269,CON0269,C104,2024-01-15,3,7,해결은 됐는데 시간이 좀 걸렸어요.
SAT0270,CON0270,C104,2024-11-22,3,1,
SAT0271,CON0271,C104,2024-12-14,4,5,상담사가 친절했어요.
SAT0272,CON0272,C104,2024-01-16,4,6,상담사가 친절했어요.
SAT0273,CON0273,C105,2024-11-11,4,10,도움이 됐습니다.
SAT0274,CON0274,C105,2024-08-08,4,5,
SAT0275,CON0275,C105,2024-01-13,2,7,기대보다 별로였어요.
SAT0276,CON0276,C105,2024-09-09,3,6,해결은 됐는데 시간이 좀 걸렸어요.
SAT0277,CON0277,C106,2024-02-13,3,9,
SAT0278,CON0278,C106,2024-06-23,2,6,처리가 느렸어요.
SAT0279,CON0279,C106,2024-03-20,4,8,대체로 만족스러웠어요.
SAT0280,CON0280,C107,2024-12-01,4,7,도움이 됐습니다.
SAT0281,CON0281,C107,2024-08-02,3,5,해결은 됐는데 시간이 좀 걸렸어요.
SAT0282,CON0282,C108,2024-03-30,4,8,상담사가 친절했어요.
SAT0283,CON0283,C108,2024-04-09,4,6,상담사가 친절했어요.
SAT0284,CON0284,C108,2024-05-04,4,8,도움이 됐습니다.
SAT0285,CON0285,C109,2024-07-27,1,0,전혀 해결이 안 됐어요.
SAT0286,CON0286,C109,2024-07-28,4,3,
SAT0287,CON0287,C110,2024-12-18,3,2,해결은 됐는데 시간이 좀 걸렸어요.
SAT0288,CON0288,C110,2024-05-19,3,6,해결은 됐는데 시간이 좀 걸렸어요.
SAT0289,CON0289,C110,2024-09-12,5,0,정말 친절하게 도와주셔서 감사해요!
SAT0290,CON0290,C111,2024-11-19,3,7,해결은 됐는데 시간이 좀 걸렸어요.
SAT0291,CON0291,C111,2024-12-12,2,1,
SAT0292,CON0292,C111,2024-12-11,2,0,기대보다 별로였어요.
SAT0293,CON0293,C111,2024-11-19,3,6,보통이에요.
SAT0294,CON0294,C112,2024-05-21,4,7,
SAT0295,CON0295,C112,2024-01-27,5,5,
SAT0296,CON0296,C112,2024-09-07,3,4,
SAT0297,CON0297,C113,2024-10-16,5,6,
SAT0298,CON0298,C113,2024-04-02,4,8,도움이 됐습니다.
SAT0299,CON0299,C114,2024-11-30,3,7,그럭저럭이에요.
SAT0300,CON0300,C114,2024-03-13,4,0,상담사가 친절했어요.
SAT0301,CON0301,C114,2024-02-24,3,6,그럭저럭이에요.
SAT0302,CON0302,C114,2024-01-06,4,3,상담사가 친절했어요.
SAT0303,CON0303,C115,2024-02-18,4,7,도움이 됐습니다.
SAT0304,CON0304,C116,2024-07-23,5,6,빠른 처리에 매우 만족합니다.
SAT0305,CON0305,C117,2024-05-04,3,5,보통이에요.
SAT0306,CON0306,C117,2024-08-15,4,6,도움이 됐습니다.
SAT0307,CON0307,C118,2024-06-13,4,8,상담사가 친절했어요.
SAT0308,CON0308,C118,2024-04-03,2,4,기대보다 별로였어요.
SAT0309,CON0309,C118,2024-09-05,2,6,처리가 느렸어요.
SAT0310,CON0310,C119,2024-02-01,3,7,보통이에요.
SAT0311,CON0311,C120,2024-09-12,2,4,개선이 필요한 것 같아요.
SAT0312,CON0312,C120,2024-08-08,4,2,
SAT0313,CON0313,C120,2024-10-06,2,5,
SAT0314,CON0314,C120,2024-08-13,3,6,
SAT0315,CON0315,C121,2024-09-21,2,3,기대보다 별로였어요.
SAT0316,CON0316,C122,2024-10-06,4,7,도움이 됐습니다.
SAT0317,CON0317,C122,2024-09-03,3,6,보통이에요.
SAT0318,CON0318,C123,2024-04-11,3,6,해결은 됐는데 시간이 좀 걸렸어요.
SAT0319,CON0319,C123,2024-09-04,3,6,그럭저럭이에요.
SAT0320,CON0320,C123,2024-03-01,3,3,그럭저럭이에요.
SAT0321,CON0321,C124,2024-07-09,4,9,
SAT0322,CON0322,C124,2024-11-16,5,6,정말 친절하게 도와주셔서 감사해요!
SAT0323,CON0323,C124,2024-06-14,4,7,도움이 됐습니다.
SAT0324,CON0324,C124,2024-04-06,4,6,대체로 만족스러웠어요.
SAT0325,CON0325,C125,2024-12-04,3,8,해결은 됐는데 시간이 좀 걸렸어요.
SAT0326,CON0326,C125,2024-04-13,3,5,해결은 됐는데 시간이 좀 걸렸어요.
SAT0327,CON0327,C125,2024-06-27,4,5,상담사가 친절했어요.
SAT0328,CON0328,C125,2024-08-19,3,3,보통이에요.
SAT0329,CON0329,C126,2024-12-24,3,5,
SAT0330,CON0330,C126,2024-11-14,4,4,도움이 됐습니다.
SAT0331,CON0331,C126,2024-07-19,2,7,
SAT0332,CON0332,C127,2024-08-07,3,7,해결은 됐는데 시간이 좀 걸렸어요.
SAT0333,CON0333,C127,2024-09-15,3,2,해결은 됐는데 시간이 좀 걸렸어요.
SAT0334,CON0334,C127,2024-08-16,3,6,보통이에요.
SAT0335,CON0335,C127,2024-09-06,2,2,개선이 필요한 것 같아요.
SAT0336,CON0336,C127,2024-08-04,4,7,
SAT0337,CON0337,C128,2024-05-17,2,5,처리가 느렸어요.
SAT0338,CON0338,C128,2024-07-01,3,1,
SAT0339,CON0339,C128,2024-06-04,2,4,개선이 필요한 것 같아요.
SAT0340,CON0340,C128,2024-06-20,1,4,다음엔 이용하고 싶지 않아요.
SAT0341,CON0341,C128,2024-06-20,2,2,기대보다 별로였어요.
SAT0342,CON0342,C129,2024-06-02,3,6,보통이에요.
SAT0343,CON0343,C129,2024-06-16,4,4,
SAT0344,CON0344,C129,2024-05-17,5,3,빠른 처리에 매우 만족합니다.
SAT0345,CON0345,C129,2024-06-26,1,3,너무 불만족스러워요.
SAT0346,CON0346,C129,2024-05-13,3,1,
SAT0347,CON0347,C130,2024-06-02,1,0,너무 불만족스러워요.
SAT0348,CON0348,C130,2024-06-19,2,2,
SAT0349,CON0349,C130,2024-05-04,3,4,그럭저럭이에요.
SAT0350,CON0350,C131,2024-08-03,3,4,그럭저럭이에요.
SAT0351,CON0351,C131,2024-08-23,1,1,전혀 해결이 안 됐어요.
SAT0352,CON0352,C131,2024-09-03,4,0,도움이 됐습니다.
SAT0353,CON0353,C131,2024-08-11,5,6,문제가 바로 해결됐어요. 최고입니다.
SAT0354,CON0354,C131,2024-08-30,2,2,
SAT0355,CON0355,C131,2024-08-16,2,0,처리가 느렸어요.
SAT0356,CON0356,C131,2024-07-24,4,5,상담사가 친절했어요.
SAT0357,CON0357,C132,2024-10-22,4,6,대체로 만족스러웠어요.
SAT0358,CON0358,C133,2024-06-04,5,4,정말 친절하게 도와주셔서 감사해요!
SAT0359,CON0359,C133,2024-08-28,3,5,그럭저럭이에요.
SAT0360,CON0360,C133,2024-10-10,2,6,
SAT0361,CON0361,C133,2024-11-01,3,9,보통이에요.
SAT0362,CON0362,C134,2024-10-29,3,7,그럭저럭이에요.
SAT0363,CON0363,C134,2024-10-22,3,6,보통이에요.
SAT0364,CON0364,C134,2024-12-08,2,0,
SAT0365,CON0365,C134,2024-12-11,3,4,그럭저럭이에요.
SAT0366,CON0366,C135,2024-12-23,2,2,기대보다 별로였어요.
SAT0367,CON0367,C135,2024-05-19,3,6,
SAT0368,CON0368,C136,2024-01-14,5,8,문제가 바로 해결됐어요. 최고입니다.
SAT0369,CON0369,C136,2024-01-24,1,4,너무 불만족스러워요.
SAT0370,CON0370,C136,2024-08-28,5,7,문제가 바로 해결됐어요. 최고입니다.
SAT0371,CON0371,C137,2024-06-10,4,8,상담사가 친절했어요.
SAT0372,CON0372,C137,2024-01-16,3,8,그럭저럭이에요.
SAT0373,CON0373,C137,2024-09-06,3,7,보통이에요.
SAT0374,CON0374,C137,2024-11-14,2,6,처리가 느렸어요.
SAT0375,CON0375,C138,2024-06-26,4,5,도움이 됐습니다.
SAT0376,CON0376,C138,2024-06-08,4,5,
SAT0377,CON0377,C138,2024-09-02,5,6,
SAT0378,CON0378,C139,2024-04-21,5,8,정말 친절하게 도와주셔서 감사해요!
SAT0379,CON0379,C139,2024-02-07,3,8,그럭저럭이에요.
SAT0380,CON0380,C139,2024-03-22,5,8,
SAT0381,CON0381,C140,2024-11-19,5,6,빠른 처리에 매우 만족합니다.
SAT0382,CON0382,C140,2024-05-27,4,2,상담사가 친절했어요.
SAT0383,CON0383,C140,2024-05-04,3,7,해결은 됐는데 시간이 좀 걸렸어요.
SAT0384,CON0384,C140,2024-04-16,2,2,
SAT0385,CON0385,C141,2024-07-24,3,5,
SAT0386,CON0386,C142,2024-07-12,3,8,그럭저럭이에요.
SAT0387,CON0387,C142,2024-09-23,2,2,처리가 느렸어요.
SAT0388,CON0388,C143,2024-10-12,3,6,보통이에요.
SAT0389,CON0389,C143,2024-11-29,4,3,
SAT0390,CON0390,C144,2024-04-11,4,5,
SAT0391,CON0391,C145,2024-05-06,5,7,정말 친절하게 도와주셔서 감사해요!
SAT0392,CON0392,C145,2024-08-18,3,8,해결은 됐는데 시간이 좀 걸렸어요.
SAT0393,CON0393,C146,2024-02-19,3,8,보통이에요.
SAT0394,CON0394,C146,2024-06-26,3,6,그럭저럭이에요.
SAT0395,CON0395,C146,2024-05-04,3,0,해결은 됐는데 시간이 좀 걸렸어요.
SAT0396,CON0396,C147,2024-12-20,3,4,보통이에요.
SAT0397,CON0397,C147,2024-12-20,3,4,
SAT0398,CON0398,C148,2024-08-24,4,8,
SAT0399,CON0399,C148,2024-10-16,3,5,
SAT0400,CON0400,C148,2024-02-08,5,6,정말 친절하게 도와주셔서 감사해요!
SAT0401,CON0401,C149,2024-07-18,4,5,
SAT0402,CON0402,C149,2024-02-14,4,7,
SAT0403,CON0403,C149,2024-11-05,4,5,대체로 만족스러웠어요.
SAT0404,CON0404,C149,2024-12-09,3,5,해결은 됐는데 시간이 좀 걸렸어요.
SAT0405,CON0405,C151,2024-10-19,4,1,
SAT0406,CON0406,C151,2024-10-17,5,4,
SAT0407,CON0407,C151,2024-10-20,3,6,보통이에요.
SAT0408,CON0408,C151,2024-10-15,4,10,
SAT0409,CON0409,C151,2024-10-24,3,7,그럭저럭이에요.
SAT0410,CON0410,C152,2024-03-07,3,6,
SAT0411,CON0411,C152,2024-03-02,4,10,상담사가 친절했어요.
SAT0412,CON0412,C152,2024-12-28,4,7,
SAT0413,CON0413,C152,2024-07-14,1,7,너무 불만족스러워요.
SAT0414,CON0414,C153,2024-03-22,3,6,
SAT0415,CON0415,C153,2024-07-30,4,8,상담사가 친절했어요.
SAT0416,CON0416,C153,2024-09-20,2,7,개선이 필요한 것 같아요.
SAT0417,CON0417,C153,2024-11-02,5,7,
SAT0418,CON0418,C154,2024-01-08,4,10,상담사가 친절했어요.
SAT0419,CON0419,C154,2024-11-13,3,6,그럭저럭이에요.
SAT0420,CON0420,C154,2024-10-08,4,8,
SAT0421,CON0421,C155,2024-08-12,3,5,해결은 됐는데 시간이 좀 걸렸어요.
SAT0422,CON0422,C155,2024-12-17,2,6,
SAT0423,CON0423,C155,2024-08-06,3,5,
SAT0424,CON0424,C156,2024-08-26,4,7,
SAT0425,CON0425,C157,2024-12-31,4,6,도움이 됐습니다.
SAT0426,CON0426,C157,2024-04-13,4,2,상담사가 친절했어요.
SAT0427,CON0427,C157,2024-03-12,2,3,개선이 필요한 것 같아요.
SAT0428,CON0428,C157,2024-01-17,4,7,대체로 만족스러웠어요.
SAT0429,CON0429,C158,2024-12-22,4,5,도움이 됐습니다.
SAT0430,CON0430,C158,2024-06-18,3,6,
SAT0431,CON0431,C158,2024-02-03,2,6,개선이 필요한 것 같아요.
SAT0432,CON0432,C159,2024-08-03,4,4,상담사가 친절했어요.
SAT0433,CON0433,C159,2024-08-13,2,3,
SAT0434,CON0434,C159,2024-08-08,1,4,너무 불만족스러워요.
SAT0435,CON0435,C159,2024-08-12,2,3,기대보다 별로였어요.
SAT0436,CON0436,C159,2024-07-20,3,4,해결은 됐는데 시간이 좀 걸렸어요.
SAT0437,CON0437,C160,2024-06-20,2,4,
SAT0438,CON0438,C160,2024-07-24,3,7,보통이에요.
SAT0439,CON0439,C160,2024-01-20,4,5,도움이 됐습니다.
SAT0440,CON0440,C160,2024-03-16,2,7,처리가 느렸어요.
SAT0441,CON0441,C161,2024-05-15,4,4,대체로 만족스러웠어요.
SAT0442,CON0442,C161,2024-05-08,2,4,
SAT0443,CON0443,C161,2024-06-27,2,6,처리가 느렸어요.
SAT0444,CON0444,C162,2024-04-26,4,8,도움이 됐습니다.
SAT0445,CON0445,C163,2024-04-20,4,6,상담사가 친절했어요.
SAT0446,CON0446,C163,2024-12-21,2,8,개선이 필요한 것 같아요.
SAT0447,CON0447,C163,2024-08-23,4,3,대체로 만족스러웠어요.
SAT0448,CON0448,C164,2024-01-10,5,5,빠른 처리에 매우 만족합니다.
SAT0449,CON0449,C164,2024-12-29,1,0,전혀 해결이 안 됐어요.
SAT0450,CON0450,C165,2024-06-22,4,5,상담사가 친절했어요.
SAT0451,CON0451,C166,2024-05-19,2,7,기대보다 별로였어요.
SAT0452,CON0452,C166,2024-06-12,3,6,
SAT0453,CON0453,C167,2024-04-01,3,6,
SAT0454,CON0454,C168,2024-10-29,4,7,대체로 만족스러웠어요.
SAT0455,CON0455,C168,2024-07-04,4,5,
SAT0456,CON0456,C169,2024-02-01,3,7,그럭저럭이에요.
SAT0457,CON0457,C169,2024-11-28,4,10,상담사가 친절했어요.
SAT0458,CON0458,C169,2024-03-25,5,6,빠른 처리에 매우 만족합니다.
SAT0459,CON0459,C170,2024-03-19,3,7,
SAT0460,CON0460,C170,2024-09-10,4,6,도움이 됐습니다.
SAT0461,CON0461,C170,2024-12-12,3,7,
SAT0462,CON0462,C171,2024-07-30,3,7,해결은 됐는데 시간이 좀 걸렸어요.
SAT0463,CON0463,C171,2024-09-16,3,1,
SAT0464,CON0464,C171,2024-09-03,3,0,
SAT0465,CON0465,C171,2024-09-03,1,2,다음엔 이용하고 싶지 않아요.
SAT0466,CON0466,C171,2024-09-16,2,4,처리가 느렸어요.
SAT0467,CON0467,C172,2024-11-19,1,3,
SAT0468,CON0468,C172,2024-09-19,3,4,그럭저럭이에요.
SAT0469,CON0469,C172,2024-10-13,4,9,대체로 만족스러웠어요.
SAT0470,CON0470,C173,2024-07-25,4,6,도움이 됐습니다.
SAT0471,CON0471,C173,2024-05-08,3,4,그럭저럭이에요.
SAT0472,CON0472,C174,2024-01-03,3,7,보통이에요.
SAT0473,CON0473,C174,2024-04-18,2,6,개선이 필요한 것 같아요.
SAT0474,CON0474,C174,2024-01-28,5,4,
SAT0475,CON0475,C175,2024-05-05,4,7,
SAT0476,CON0476,C175,2024-06-01,3,8,해결은 됐는데 시간이 좀 걸렸어요.
SAT0477,CON0477,C175,2024-10-31,3,9,해결은 됐는데 시간이 좀 걸렸어요.
SAT0478,CON0478,C176,2024-11-06,4,6,대체로 만족스러웠어요.
SAT0479,CON0479,C177,2024-09-03,5,8,문제가 바로 해결됐어요. 최고입니다.
SAT0480,CON0480,C177,2024-02-08,3,6,그럭저럭이에요.
SAT0481,CON0481,C178,2024-10-28,2,6,
SAT0482,CON0482,C178,2024-12-29,3,2,그럭저럭이에요.
SAT0483,CON0483,C178,2024-06-30,4,4,도움이 됐습니다.
SAT0484,CON0484,C178,2024-02-19,3,7,해결은 됐는데 시간이 좀 걸렸어요.
SAT0485,CON0485,C179,2024-07-04,4,7,대체로 만족스러웠어요.
SAT0486,CON0486,C179,2024-06-10,3,6,해결은 됐는데 시간이 좀 걸렸어요.
SAT0487,CON0487,C179,2024-10-21,2,4,
SAT0488,CON0488,C180,2024-09-19,4,8,상담사가 친절했어요.
SAT0489,CON0489,C181,2024-03-31,3,7,보통이에요.
SAT0490,CON0490,C181,2024-06-23,3,6,보통이에요.
SAT0491,CON0491,C181,2024-09-18,5,9,문제가 바로 해결됐어요. 최고입니다.
SAT0492,CON0492,C181,2024-05-26,4,5,
SAT0493,CON0493,C182,2024-01-25,3,8,해결은 됐는데 시간이 좀 걸렸어요.
SAT0494,CON0494,C183,2024-05-01,3,6,
SAT0495,CON0495,C183,2024-03-16,4,4,
SAT0496,CON0496,C183,2024-10-02,5,5,빠른 처리에 매우 만족합니다.
SAT0497,CON0497,C183,2024-01-08,2,5,기대보다 별로였어요.
SAT0498,CON0498,C184,2024-09-29,3,6,보통이에요.
SAT0499,CON0499,C184,2024-12-11,4,6,도움이 됐습니다.
SAT0500,CON0500,C184,2024-08-28,4,6,상담사가 친절했어요.
SAT0501,CON0501,C184,2024-03-09,4,5,도움이 됐습니다.
SAT0502,CON0502,C185,2024-01-19,5,6,문제가 바로 해결됐어요. 최고입니다.
SAT0503,CON0503,C185,2024-07-14,3,5,그럭저럭이에요.
SAT0504,CON0504,C186,2024-12-16,5,7,정말 친절하게 도와주셔서 감사해요!
SAT0505,CON0505,C186,2024-12-08,2,1,개선이 필요한 것 같아요.
SAT0506,CON0506,C186,2024-04-30,4,7,도움이 됐습니다.
SAT0507,CON0507,C186,2024-05-06,5,8,문제가 바로 해결됐어요. 최고입니다.
SAT0508,CON0508,C187,2024-07-15,3,5,해결은 됐는데 시간이 좀 걸렸어요.
SAT0509,CON0509,C187,2024-10-27,4,6,상담사가 친절했어요.
SAT0510,CON0510,C188,2024-05-13,4,5,대체로 만족스러웠어요.
SAT0511,CON0511,C188,2024-02-08,2,6,개선이 필요한 것 같아요.
SAT0512,CON0512,C188,2024-07-24,4,9,
SAT0513,CON0513,C188,2024-03-19,3,4,보통이에요.
SAT0514,CON0514,C189,2024-06-25,4,7,상담사가 친절했어요.
SAT0515,CON0515,C189,2024-12-06,2,2,처리가 느렸어요.
SAT0516,CON0516,C190,2024-12-31,4,4,
SAT0517,CON0517,C190,2024-03-23,5,3,정말 친절하게 도와주셔서 감사해요!
SAT0518,CON0518,C191,2024-07-03,3,1,보통이에요.
SAT0519,CON0519,C191,2024-01-05,2,2,개선이 필요한 것 같아요.
SAT0520,CON0520,C191,2024-02-13,2,4,처리가 느렸어요.
SAT0521,CON0521,C191,2024-08-17,3,9,
SAT0522,CON0522,C192,2024-03-26,5,6,정말 친절하게 도와주셔서 감사해요!
SAT0523,CON0523,C192,2024-12-31,4,9,대체로 만족스러웠어요.
SAT0524,CON0524,C192,2024-11-06,2,8,기대보다 별로였어요.
SAT0525,CON0525,C192,2024-11-17,2,4,기대보다 별로였어요.
SAT0526,CON0526,C193,2024-09-24,3,6,그럭저럭이에요.
SAT0527,CON0527,C193,2024-01-07,3,5,
SAT0528,CON0528,C195,2024-05-19,4,5,도움이 됐습니다.
SAT0529,CON0529,C195,2024-12-25,4,6,대체로 만족스러웠어요.
SAT0530,CON0530,C195,2024-03-26,2,6,기대보다 별로였어요.
SAT0531,CON0531,C196,2024-08-01,4,5,
SAT0532,CON0532,C196,2024-10-11,2,5,기대보다 별로였어요.
SAT0533,CON0533,C196,2024-05-28,2,5,기대보다 별로였어요.
SAT0534,CON0534,C196,2024-02-18,4,5,상담사가 친절했어요.
SAT0535,CON0535,C197,2024-02-09,3,7,
SAT0536,CON0536,C197,2024-07-23,3,6,그럭저럭이에요.
SAT0537,CON0537,C198,2024-10-28,3,7,
SAT0538,CON0538,C198,2024-03-09,4,2,도움이 됐습니다.
SAT0539,CON0539,C199,2024-01-30,4,8,상담사가 친절했어요.
SAT0540,CON0540,C199,2024-02-12,5,6,빠른 처리에 매우 만족합니다.
SAT0541,CON0541,C201,2024-03-18,3,5,그럭저럭이에요.
SAT0542,CON0542,C201,2024-05-19,3,9,해결은 됐는데 시간이 좀 걸렸어요.
SAT0543,CON0543,C201,2024-06-23,3,6,
SAT0544,CON0544,C201,2024-11-01,4,4,
SAT0545,CON0545,C202,2024-02-24,4,5,상담사가 친절했어요.
SAT0546,CON0546,C202,2024-05-09,4,5,도움이 됐습니다.
SAT0547,CON0547,C203,2024-07-24,4,5,대체로 만족스러웠어요.
SAT0548,CON0548,C203,2024-02-17,3,8,그럭저럭이에요.
SAT0549,CON0549,C204,2024-12-14,3,4,보통이에요.
SAT0550,CON0550,C204,2024-10-03,2,5,
SAT0551,CON0551,C204,2024-09-10,4,6,도움이 됐습니다.
SAT0552,CON0552,C204,2024-07-07,3,5,
SAT0553,CON0553,C205,2024-04-26,3,6,
SAT0554,CON0554,C206,2024-08-02,5,4,문제가 바로 해결됐어요. 최고입니다.
SAT0555,CON0555,C207,2024-09-17,2,6,
SAT0556,CON0556,C207,2024-09-16,4,9,
SAT0557,CON0557,C207,2024-09-12,3,6,그럭저럭이에요.
SAT0558,CON0558,C207,2024-09-21,2,1,처리가 느렸어요.
SAT0559,CON0559,C207,2024-09-03,4,3,상담사가 친절했어요.
SAT0560,CON0560,C208,2024-02-11,3,8,해결은 됐는데 시간이 좀 걸렸어요.
SAT0561,CON0561,C209,2024-06-05,4,5,상담사가 친절했어요.
SAT0562,CON0562,C209,2024-09-12,2,0,
SAT0563,CON0563,C209,2024-06-06,4,4,대체로 만족스러웠어요.
SAT0564,CON0564,C209,2024-09-06,5,6,빠른 처리에 매우 만족합니다.
SAT0565,CON0565,C210,2024-03-19,3,8,보통이에요.
SAT0566,CON0566,C210,2024-06-06,5,6,빠른 처리에 매우 만족합니다.
SAT0567,CON0567,C211,2024-01-13,4,6,상담사가 친절했어요.
SAT0568,CON0568,C211,2024-08-23,3,8,그럭저럭이에요.
SAT0569,CON0569,C212,2024-10-30,4,4,상담사가 친절했어요.
SAT0570,CON0570,C212,2025-01-01,3,5,
SAT0571,CON0571,C212,2024-12-26,3,8,그럭저럭이에요.
SAT0572,CON0572,C212,2024-07-09,3,4,보통이에요.
SAT0573,CON0573,C213,2024-06-23,3,8,그럭저럭이에요.
SAT0574,CON0574,C214,2024-08-27,3,4,
SAT0575,CON0575,C215,2024-12-31,4,7,상담사가 친절했어요.
SAT0576,CON0576,C215,2024-11-16,4,9,대체로 만족스러웠어요.
SAT0577,CON0577,C216,2024-02-10,3,3,
SAT0578,CON0578,C216,2024-01-18,4,5,
SAT0579,CON0579,C217,2024-05-02,3,5,해결은 됐는데 시간이 좀 걸렸어요.
SAT0580,CON0580,C217,2024-12-04,4,6,상담사가 친절했어요.
SAT0581,CON0581,C217,2024-03-22,4,7,
SAT0582,CON0582,C218,2024-04-17,3,7,보통이에요.
SAT0583,CON0583,C218,2024-11-17,4,8,도움이 됐습니다.
SAT0584,CON0584,C218,2024-05-20,5,8,정말 친절하게 도와주셔서 감사해요!
SAT0585,CON0585,C218,2024-12-11,3,6,
SAT0586,CON0586,C219,2024-08-15,3,3,그럭저럭이에요.
SAT0587,CON0587,C219,2024-02-16,3,5,보통이에요.
SAT0588,CON0588,C219,2024-06-24,3,5,해결은 됐는데 시간이 좀 걸렸어요.
SAT0589,CON0589,C220,2024-05-27,5,5,문제가 바로 해결됐어요. 최고입니다.
SAT0590,CON0590,C220,2024-10-16,1,7,너무 불만족스러워요.
SAT0591,CON0591,C220,2024-04-16,2,3,개선이 필요한 것 같아요.
SAT0592,CON0592,C220,2024-05-15,3,6,보통이에요.
SAT0593,CON0593,C221,2024-02-19,4,8,상담사가 친절했어요.
SAT0594,CON0594,C221,2024-01-20,3,7,그럭저럭이에요.
SAT0595,CON0595,C221,2024-03-14,4,5,대체로 만족스러웠어요.
SAT0596,CON0596,C222,2024-07-09,1,2,다음엔 이용하고 싶지 않아요.
SAT0597,CON0597,C222,2024-06-05,3,6,
SAT0598,CON0598,C222,2024-06-12,3,7,해결은 됐는데 시간이 좀 걸렸어요.
SAT0599,CON0599,C222,2024-06-24,1,2,다음엔 이용하고 싶지 않아요.
SAT0600,CON0600,C222,2024-05-25,2,4,개선이 필요한 것 같아요.
SAT0601,CON0601,C222,2024-07-06,2,2,처리가 느렸어요.
SAT0602,CON0602,C222,2024-06-18,3,3,해결은 됐는데 시간이 좀 걸렸어요.
SAT0603,CON0603,C222,2024-06-29,2,4,
SAT0604,CON0604,C223,2024-01-24,4,5,
SAT0605,CON0605,C223,2024-11-09,4,3,
SAT0606,CON0606,C223,2024-12-24,4,4,상담사가 친절했어요.
SAT0607,CON0607,C223,2024-12-22,4,9,상담사가 친절했어요.
SAT0608,CON0608,C224,2024-09-26,5,5,빠른 처리에 매우 만족합니다.
SAT0609,CON0609,C224,2024-10-19,1,2,전혀 해결이 안 됐어요.
SAT0610,CON0610,C224,2024-10-07,4,7,상담사가 친절했어요.
SAT0611,CON0611,C224,2024-09-24,3,5,해결은 됐는데 시간이 좀 걸렸어요.
SAT0612,CON0612,C224,2024-09-24,3,5,그럭저럭이에요.
SAT0613,CON0613,C225,2024-10-25,4,6,
SAT0614,CON0614,C225,2024-11-21,3,4,그럭저럭이에요.
SAT0615,CON0615,C225,2024-11-05,4,5,
SAT0616,CON0616,C225,2024-10-12,4,6,상담사가 친절했어요.
SAT0617,CON0617,C225,2024-10-18,4,8,대체로 만족스러웠어요.
SAT0618,CON0618,C225,2024-10-10,5,8,문제가 바로 해결됐어요. 최고입니다.
SAT0619,CON0619,C226,2024-06-14,3,5,
SAT0620,CON0620,C226,2024-04-05,4,7,상담사가 친절했어요.
SAT0621,CON0621,C227,2024-10-26,4,6,도움이 됐습니다.
SAT0622,CON0622,C228,2024-09-30,1,3,다음엔 이용하고 싶지 않아요.
SAT0623,CON0623,C228,2024-09-03,5,6,빠른 처리에 매우 만족합니다.
SAT0624,CON0624,C228,2024-10-12,3,2,해결은 됐는데 시간이 좀 걸렸어요.
SAT0625,CON0625,C228,2024-09-25,3,2,그럭저럭이에요.
SAT0626,CON0626,C228,2024-09-12,5,6,정말 친절하게 도와주셔서 감사해요!
SAT0627,CON0627,C229,2024-11-21,3,0,해결은 됐는데 시간이 좀 걸렸어요.
SAT0628,CON0628,C229,2024-10-02,3,8,그럭저럭이에요.
SAT0629,CON0629,C229,2024-11-16,3,4,
SAT0630,CON0630,C229,2024-10-31,2,3,개선이 필요한 것 같아요.
SAT0631,CON0631,C229,2024-10-17,3,7,
SAT0632,CON0632,C231,2024-06-06,1,3,전혀 해결이 안 됐어요.
SAT0633,CON0633,C231,2024-04-18,2,4,처리가 느렸어요.
SAT0634,CON0634,C232,2024-09-06,3,5,그럭저럭이에요.
SAT0635,CON0635,C232,2024-08-29,2,7,기대보다 별로였어요.
SAT0636,CON0636,C233,2024-07-27,3,4,
SAT0637,CON0637,C233,2024-12-23,4,9,대체로 만족스러웠어요.
SAT0638,CON0638,C233,2024-08-16,5,8,문제가 바로 해결됐어요. 최고입니다.
SAT0639,CON0639,C233,2024-05-28,4,5,
SAT0640,CON0640,C234,2024-01-15,4,6,상담사가 친절했어요.
SAT0641,CON0641,C234,2024-06-09,3,6,
SAT0642,CON0642,C235,2024-07-28,3,8,해결은 됐는데 시간이 좀 걸렸어요.
SAT0643,CON0643,C235,2024-09-22,2,6,개선이 필요한 것 같아요.
SAT0644,CON0644,C235,2024-07-08,4,7,
SAT0645,CON0645,C235,2024-09-17,5,5,정말 친절하게 도와주셔서 감사해요!
SAT0646,CON0646,C236,2024-03-24,3,7,
SAT0647,CON0647,C236,2024-04-17,3,5,
SAT0648,CON0648,C236,2024-01-03,3,8,보통이에요.
SAT0649,CON0649,C237,2024-08-05,5,3,문제가 바로 해결됐어요. 최고입니다.
SAT0650,CON0650,C237,2024-03-11,4,6,
SAT0651,CON0651,C237,2024-01-05,2,2,기대보다 별로였어요.
SAT0652,CON0652,C239,2024-05-24,3,1,
SAT0653,CON0653,C240,2024-02-06,3,4,
SAT0654,CON0654,C240,2024-04-12,2,4,개선이 필요한 것 같아요.
SAT0655,CON0655,C240,2024-07-29,3,5,
SAT0656,CON0656,C240,2024-06-23,3,5,해결은 됐는데 시간이 좀 걸렸어요.
SAT0657,CON0657,C241,2024-06-21,3,5,
SAT0658,CON0658,C242,2024-12-20,2,1,처리가 느렸어요.
SAT0659,CON0659,C242,2024-04-21,5,5,정말 친절하게 도와주셔서 감사해요!
SAT0660,CON0660,C242,2024-08-17,4,3,도움이 됐습니다.
SAT0661,CON0661,C243,2024-12-11,3,10,
SAT0662,CON0662,C243,2024-11-25,4,6,대체로 만족스러웠어요.
SAT0663,CON0663,C244,2024-08-14,4,8,상담사가 친절했어요.
SAT0664,CON0664,C244,2024-12-02,5,7,빠른 처리에 매우 만족합니다.
SAT0665,CON0665,C244,2024-03-01,4,6,대체로 만족스러웠어요.
SAT0666,CON0666,C245,2024-02-16,3,5,그럭저럭이에요.
SAT0667,CON0667,C245,2024-08-29,3,6,보통이에요.
SAT0668,CON0668,C245,2024-03-28,4,6,도움이 됐습니다.
SAT0669,CON0669,C246,2024-10-14,5,6,
SAT0670,CON0670,C246,2024-06-03,3,6,보통이에요.
SAT0671,CON0671,C246,2024-08-08,3,7,해결은 됐는데 시간이 좀 걸렸어요.
SAT0672,CON0672,C247,2024-02-14,2,5,처리가 느렸어요.
SAT0673,CON0673,C247,2024-01-22,5,6,
SAT0674,CON0674,C247,2024-03-13,3,5,그럭저럭이에요.
SAT0675,CON0675,C247,2024-09-12,4,7,대체로 만족스러웠어요.
SAT0676,CON0676,C248,2024-07-23,4,6,대체로 만족스러웠어요.
SAT0677,CON0677,C248,2024-10-16,4,5,상담사가 친절했어요.
SAT0678,CON0678,C248,2024-09-14,3,10,그럭저럭이에요.
SAT0679,CON0679,C248,2024-09-11,3,3,보통이에요.
SAT0680,CON0680,C249,2024-05-07,4,6,상담사가 친절했어요.
SAT0681,CON0681,C249,2024-01-27,2,6,기대보다 별로였어요.
SAT0682,CON0682,C249,2024-08-12,3,8,보통이에요.
SAT0683,CON0683,C250,2024-02-27,3,5,그럭저럭이에요.
SAT0684,CON0684,C250,2024-02-01,2,5,
SAT0685,CON0685,C250,2024-10-08,4,9,상담사가 친절했어요.
SAT0686,CON0686,C251,2024-11-22,3,5,보통이에요.
SAT0687,CON0687,C251,2024-11-30,3,3,
SAT0688,CON0688,C251,2024-11-05,4,5,상담사가 친절했어요.
SAT0689,CON0689,C251,2024-10-24,3,9,보통이에요.
SAT0690,CON0690,C251,2024-11-10,3,8,해결은 됐는데 시간이 좀 걸렸어요.
SAT0691,CON0691,C251,2024-11-27,2,2,기대보다 별로였어요.
SAT0692,CON0692,C252,2024-10-13,4,3,
SAT0693,CON0693,C252,2024-03-05,2,3,기대보다 별로였어요.
SAT0694,CON0694,C252,2024-06-03,2,4,처리가 느렸어요.
SAT0695,CON0695,C253,2024-02-13,3,3,보통이에요.
SAT0696,CON0696,C253,2024-09-10,4,7,대체로 만족스러웠어요.
SAT0697,CON0697,C253,2024-09-01,2,6,개선이 필요한 것 같아요.
SAT0698,CON0698,C254,2024-05-08,4,8,도움이 됐습니다.
SAT0699,CON0699,C254,2024-12-27,3,9,보통이에요.
SAT0700,CON0700,C254,2024-02-24,2,7,기대보다 별로였어요.
SAT0701,CON0701,C255,2024-05-25,4,8,도움이 됐습니다.
SAT0702,CON0702,C255,2024-07-19,3,7,보통이에요.
SAT0703,CON0703,C255,2024-05-31,4,4,상담사가 친절했어요.
SAT0704,CON0704,C255,2024-01-04,5,5,
SAT0705,CON0705,C256,2024-12-20,3,5,그럭저럭이에요.
SAT0706,CON0706,C256,2024-07-03,2,4,처리가 느렸어요.
SAT0707,CON0707,C256,2024-01-27,3,2,그럭저럭이에요.
SAT0708,CON0708,C256,2024-07-12,4,5,도움이 됐습니다.
SAT0709,CON0709,C257,2024-07-07,3,5,
SAT0710,CON0710,C257,2024-10-28,4,6,도움이 됐습니다.
SAT0711,CON0711,C258,2024-08-28,4,6,대체로 만족스러웠어요.
SAT0712,CON0712,C259,2024-08-16,3,3,
SAT0713,CON0713,C259,2024-12-21,5,8,정말 친절하게 도와주셔서 감사해요!
SAT0714,CON0714,C259,2024-01-24,3,4,보통이에요.
SAT0715,CON0715,C260,2024-02-04,3,9,해결은 됐는데 시간이 좀 걸렸어요.
SAT0716,CON0716,C261,2024-06-13,3,8,보통이에요.
SAT0717,CON0717,C261,2024-12-19,4,5,
SAT0718,CON0718,C262,2024-02-07,4,6,도움이 됐습니다.
SAT0719,CON0719,C262,2024-07-31,4,5,대체로 만족스러웠어요.
SAT0720,CON0720,C263,2024-10-18,4,7,대체로 만족스러웠어요.
SAT0721,CON0721,C264,2024-01-05,3,8,해결은 됐는데 시간이 좀 걸렸어요.
SAT0722,CON0722,C265,2024-08-25,4,5,대체로 만족스러웠어요.
SAT0723,CON0723,C265,2024-02-26,5,9,빠른 처리에 매우 만족합니다.
SAT0724,CON0724,C266,2024-12-27,3,6,
SAT0725,CON0725,C267,2024-10-16,2,7,개선이 필요한 것 같아요.
SAT0726,CON0726,C268,2024-02-19,4,6,상담사가 친절했어요.
SAT0727,CON0727,C268,2024-11-26,4,4,대체로 만족스러웠어요.
SAT0728,CON0728,C268,2024-10-19,4,7,대체로 만족스러웠어요.
SAT0729,CON0729,C268,2024-10-01,3,4,
SAT0730,CON0730,C269,2024-12-24,4,6,
SAT0731,CON0731,C269,2024-04-17,3,8,보통이에요.
SAT0732,CON0732,C269,2024-11-03,5,7,문제가 바로 해결됐어요. 최고입니다.
SAT0733,CON0733,C269,2024-06-30,3,5,해결은 됐는데 시간이 좀 걸렸어요.
SAT0734,CON0734,C270,2024-02-09,4,4,도움이 됐습니다.
SAT0735,CON0735,C270,2024-06-09,3,6,
SAT0736,CON0736,C270,2024-08-29,4,2,상담사가 친절했어요.
SAT0737,CON0737,C271,2024-08-25,4,4,대체로 만족스러웠어요.
SAT0738,CON0738,C271,2024-12-12,3,4,
SAT0739,CON0739,C271,2024-04-08,4,7,대체로 만족스러웠어요.
SAT0740,CON0740,C271,2024-10-27,4,5,
SAT0741,CON0741,C272,2024-07-20,4,8,대체로 만족스러웠어요.
SAT0742,CON0742,C272,2024-08-03,3,3,
SAT0743,CON0743,C272,2024-08-11,2,5,
SAT0744,CON0744,C272,2024-08-06,1,1,전혀 해결이 안 됐어요.
SAT0745,CON0745,C273,2024-04-08,3,4,
SAT0746,CON0746,C273,2024-05-01,2,5,기대보다 별로였어요.
SAT0747,CON0747,C273,2024-08-23,3,5,보통이에요.
SAT0748,CON0748,C274,2024-06-21,4,5,도움이 됐습니다.
SAT0749,CON0749,C274,2024-09-20,3,6,해결은 됐는데 시간이 좀 걸렸어요.
SAT0750,CON0750,C274,2024-11-23,4,7,도움이 됐습니다.
SAT0751,CON0751,C275,2024-06-23,2,9,
SAT0752,CON0752,C275,2024-06-10,3,6,그럭저럭이에요.
SAT0753,CON0753,C275,2024-06-08,4,6,
SAT0754,CON0754,C275,2024-08-09,3,4,보통이에요.
SAT0755,CON0755,C276,2024-10-28,2,5,
SAT0756,CON0756,C276,2024-10-28,2,5,처리가 느렸어요.
SAT0757,CON0757,C276,2024-09-27,5,6,정말 친절하게 도와주셔서 감사해요!
SAT0758,CON0758,C276,2024-09-20,4,7,
SAT0759,CON0759,C276,2024-10-17,4,2,상담사가 친절했어요.
SAT0760,CON0760,C276,2024-09-15,5,7,정말 친절하게 도와주셔서 감사해요!
SAT0761,CON0761,C277,2024-05-26,4,6,상담사가 친절했어요.
SAT0762,CON0762,C277,2024-07-25,3,6,보통이에요.
SAT0763,CON0763,C277,2024-02-18,3,6,
SAT0764,CON0764,C277,2024-11-24,3,1,그럭저럭이에요.
SAT0765,CON0765,C278,2024-09-16,3,4,
SAT0766,CON0766,C278,2024-08-09,4,8,상담사가 친절했어요.
SAT0767,CON0767,C278,2024-09-22,2,2,기대보다 별로였어요.
SAT0768,CON0768,C278,2024-08-26,3,7,
SAT0769,CON0769,C278,2024-09-17,2,0,
SAT0770,CON0770,C278,2024-08-29,4,2,
SAT0771,CON0771,C278,2024-09-07,1,0,
SAT0772,CON0772,C279,2024-06-02,3,6,그럭저럭이에요.
SAT0773,CON0773,C280,2024-07-11,2,5,
SAT0774,CON0774,C280,2024-06-30,3,7,해결은 됐는데 시간이 좀 걸렸어요.
SAT0775,CON0775,C280,2024-07-18,1,0,너무 불만족스러워요.
SAT0776,CON0776,C280,2024-07-24,1,0,다음엔 이용하고 싶지 않아요.
SAT0777,CON0777,C280,2024-07-13,4,7,상담사가 친절했어요.
SAT0778,CON0778,C280,2024-07-04,4,5,상담사가 친절했어요.
SAT0779,CON0779,C281,2024-02-02,3,8,보통이에요.
SAT0780,CON0780,C281,2024-10-28,3,2,보통이에요.
SAT0781,CON0781,C281,2024-09-28,4,7,도움이 됐습니다.
SAT0782,CON0782,C282,2024-01-04,4,6,
SAT0783,CON0783,C282,2024-12-04,3,7,해결은 됐는데 시간이 좀 걸렸어요.
SAT0784,CON0784,C282,2024-06-30,4,5,상담사가 친절했어요.
SAT0785,CON0785,C283,2024-08-19,3,4,해결은 됐는데 시간이 좀 걸렸어요.
SAT0786,CON0786,C283,2024-10-21,3,5,그럭저럭이에요.
SAT0787,CON0787,C283,2024-08-14,3,5,그럭저럭이에요.
SAT0788,CON0788,C284,2024-06-10,5,5,
SAT0789,CON0789,C284,2024-12-10,2,6,기대보다 별로였어요.
SAT0790,CON0790,C284,2024-01-29,4,4,상담사가 친절했어요.
SAT0791,CON0791,C284,2024-07-26,4,5,
SAT0792,CON0792,C285,2024-04-17,2,6,처리가 느렸어요.
SAT0793,CON0793,C285,2024-06-10,2,6,
SAT0794,CON0794,C285,2024-11-21,3,6,보통이에요.
SAT0795,CON0795,C286,2024-08-25,1,4,전혀 해결이 안 됐어요.
SAT0796,CON0796,C286,2024-04-09,3,4,
SAT0797,CON0797,C286,2024-03-05,3,6,해결은 됐는데 시간이 좀 걸렸어요.
SAT0798,CON0798,C287,2024-06-20,3,4,보통이에요.
SAT0799,CON0799,C288,2024-06-04,3,5,
SAT0800,CON0800,C289,2024-07-12,3,7,해결은 됐는데 시간이 좀 걸렸어요.
SAT0801,CON0801,C289,2024-03-28,4,7,
SAT0802,CON0802,C289,2024-10-05,3,4,해결은 됐는데 시간이 좀 걸렸어요.
SAT0803,CON0803,C289,2024-09-13,1,1,전혀 해결이 안 됐어요.
SAT0804,CON0804,C290,2024-12-15,4,5,도움이 됐습니다.
SAT0805,CON0805,C290,2024-09-30,4,8,도움이 됐습니다.
SAT0806,CON0806,C290,2024-07-30,3,7,그럭저럭이에요.
SAT0807,CON0807,C291,2024-05-01,3,6,보통이에요.
SAT0808,CON0808,C291,2024-07-29,1,4,전혀 해결이 안 됐어요.
SAT0809,CON0809,C291,2024-11-29,4,2,도움이 됐습니다.
SAT0810,CON0810,C291,2024-05-15,4,7,대체로 만족스러웠어요.
SAT0811,CON0811,C292,2024-05-18,3,7,
SAT0812,CON0812,C292,2024-10-18,3,6,
SAT0813,CON0813,C292,2024-04-11,4,9,도움이 됐습니다.
SAT0814,CON0814,C293,2024-04-26,4,8,대체로 만족스러웠어요.
SAT0815,CON0815,C293,2024-03-15,4,5,도움이 됐습니다.
SAT0816,CON0816,C294,2024-04-09,3,6,보통이에요.
SAT0817,CON0817,C294,2024-04-05,2,5,개선이 필요한 것 같아요.
SAT0818,CON0818,C294,2024-03-08,5,8,
SAT0819,CON0819,C295,2024-07-15,4,6,상담사가 친절했어요.
SAT0820,CON0820,C295,2024-07-21,4,7,상담사가 친절했어요.
SAT0821,CON0821,C295,2024-07-28,5,6,정말 친절하게 도와주셔서 감사해요!
SAT0822,CON0822,C295,2024-07-18,4,9,대체로 만족스러웠어요.
SAT0823,CON0823,C295,2024-07-16,4,7,상담사가 친절했어요.
SAT0824,CON0824,C296,2024-04-21,2,8,처리가 느렸어요.
SAT0825,CON0825,C297,2024-09-16,2,5,기대보다 별로였어요.
SAT0826,CON0826,C297,2024-05-04,5,7,문제가 바로 해결됐어요. 최고입니다.
SAT0827,CON0827,C298,2024-03-06,4,7,상담사가 친절했어요.
SAT0828,CON0828,C299,2024-11-18,4,7,대체로 만족스러웠어요.
SAT0829,CON0829,C299,2024-03-13,2,1,개선이 필요한 것 같아요.
SAT0830,CON0830,C299,2024-10-15,4,4,상담사가 친절했어요.
SAT0831,CON0831,C300,2024-08-01,4,6,대체로 만족스러웠어요.
SAT0832,CON0832,C300,2024-11-24,3,6,그럭저럭이에요.
SAT0833,CON0833,C300,2024-04-18,4,5,
SAT0834,CON0834,C300,2024-01-21,2,5,처리가 느렸어요.
SAT0835,CON0835,C301,2024-07-30,4,4,상담사가 친절했어요.
SAT0836,CON0836,C301,2024-10-28,3,6,해결은 됐는데 시간이 좀 걸렸어요.
SAT0837,CON0837,C302,2024-04-06,3,3,해결은 됐는데 시간이 좀 걸렸어요.
SAT0838,CON0838,C302,2024-03-09,4,4,
SAT0839,CON0839,C302,2024-08-04,2,6,
SAT0840,CON0840,C302,2024-09-04,3,8,
SAT0841,CON0841,C303,2024-09-24,1,9,다음엔 이용하고 싶지 않아요.
SAT0842,CON0842,C303,2024-12-30,3,5,
SAT0843,CON0843,C303,2024-03-02,2,3,기대보다 별로였어요.
SAT0844,CON0844,C304,2024-02-17,4,6,도움이 됐습니다.
SAT0845,CON0845,C305,2024-11-18,5,5,정말 친절하게 도와주셔서 감사해요!
SAT0846,CON0846,C305,2024-07-19,3,5,그럭저럭이에요.
SAT0847,CON0847,C306,2024-05-20,4,3,상담사가 친절했어요.
SAT0848,CON0848,C306,2024-01-19,4,5,상담사가 친절했어요.
SAT0849,CON0849,C306,2024-08-28,5,5,빠른 처리에 매우 만족합니다.
SAT0850,CON0850,C307,2024-08-29,3,5,해결은 됐는데 시간이 좀 걸렸어요.
SAT0851,CON0851,C308,2024-03-12,3,1,보통이에요.
SAT0852,CON0852,C308,2024-02-15,4,4,도움이 됐습니다.
SAT0853,CON0853,C309,2024-08-25,5,6,
SAT0854,CON0854,C309,2024-09-12,1,1,너무 불만족스러워요.
SAT0855,CON0855,C309,2024-08-22,4,4,
SAT0856,CON0856,C309,2024-08-29,3,4,
SAT0857,CON0857,C309,2024-08-20,3,2,
SAT0858,CON0858,C310,2024-04-22,5,7,
SAT0859,CON0859,C311,2024-06-12,4,6,상담사가 친절했어요.
SAT0860,CON0860,C311,2024-12-10,3,8,그럭저럭이에요.
SAT0861,CON0861,C311,2024-01-08,2,5,기대보다 별로였어요.
SAT0862,CON0862,C313,2024-06-04,4,7,
SAT0863,CON0863,C313,2024-10-14,4,5,상담사가 친절했어요.
SAT0864,CON0864,C314,2024-08-03,4,7,대체로 만족스러웠어요.
SAT0865,CON0865,C314,2024-02-05,4,8,상담사가 친절했어요.
SAT0866,CON0866,C314,2024-10-20,4,9,
SAT0867,CON0867,C315,2024-01-31,3,4,그럭저럭이에요.
SAT0868,CON0868,C315,2024-11-21,2,5,기대보다 별로였어요.
SAT0869,CON0869,C315,2024-02-28,3,8,보통이에요.
SAT0870,CON0870,C316,2024-06-19,3,6,보통이에요.
SAT0871,CON0871,C316,2024-10-03,2,5,
SAT0872,CON0872,C316,2024-09-14,1,6,다음엔 이용하고 싶지 않아요.
SAT0873,CON0873,C317,2024-05-26,3,6,보통이에요.
SAT0874,CON0874,C317,2024-06-20,3,5,해결은 됐는데 시간이 좀 걸렸어요.
SAT0875,CON0875,C318,2024-10-19,5,4,문제가 바로 해결됐어요. 최고입니다.
SAT0876,CON0876,C318,2024-05-02,3,8,그럭저럭이에요.
SAT0877,CON0877,C318,2024-04-11,5,5,정말 친절하게 도와주셔서 감사해요!
SAT0878,CON0878,C319,2024-12-28,4,7,도움이 됐습니다.
SAT0879,CON0879,C320,2024-02-17,2,7,
SAT0880,CON0880,C320,2024-08-17,3,6,
SAT0881,CON0881,C320,2024-05-05,3,9,보통이에요.
SAT0882,CON0882,C321,2024-09-21,4,4,대체로 만족스러웠어요.
SAT0883,CON0883,C322,2024-10-17,5,4,
SAT0884,CON0884,C322,2024-10-18,3,6,
SAT0885,CON0885,C322,2024-01-19,4,8,상담사가 친절했어요.
SAT0886,CON0886,C323,2024-10-22,3,7,보통이에요.
SAT0887,CON0887,C324,2024-08-12,4,6,상담사가 친절했어요.
SAT0888,CON0888,C324,2024-05-01,4,8,상담사가 친절했어요.
SAT0889,CON0889,C325,2024-07-22,2,2,처리가 느렸어요.
SAT0890,CON0890,C326,2024-11-16,5,7,
SAT0891,CON0891,C326,2024-01-20,4,6,
SAT0892,CON0892,C326,2024-12-12,3,5,보통이에요.
SAT0893,CON0893,C327,2024-12-25,4,7,
SAT0894,CON0894,C327,2024-05-03,3,7,보통이에요.
SAT0895,CON0895,C328,2024-02-16,4,4,대체로 만족스러웠어요.
SAT0896,CON0896,C329,2024-08-23,4,2,대체로 만족스러웠어요.
SAT0897,CON0897,C329,2024-03-24,2,5,개선이 필요한 것 같아요.
SAT0898,CON0898,C329,2024-01-27,3,4,그럭저럭이에요.
SAT0899,CON0899,C330,2024-02-28,2,5,처리가 느렸어요.
SAT0900,CON0900,C331,2024-06-09,2,5,
SAT0901,CON0901,C331,2024-05-17,3,8,그럭저럭이에요.
SAT0902,CON0902,C332,2024-07-28,2,4,
SAT0903,CON0903,C332,2024-11-27,4,7,
SAT0904,CON0904,C332,2024-01-27,4,4,도움이 됐습니다.
SAT0905,CON0905,C332,2024-09-20,5,4,
SAT0906,CON0906,C333,2024-12-14,3,8,해결은 됐는데 시간이 좀 걸렸어요.
SAT0907,CON0907,C333,2024-01-31,2,4,
SAT0908,CON0908,C334,2024-07-11,2,5,
SAT0909,CON0909,C334,2024-10-26,2,5,
SAT0910,CON0910,C335,2024-12-08,3,3,그럭저럭이에요.
SAT0911,CON0911,C336,2024-06-13,2,5,개선이 필요한 것 같아요.
SAT0912,CON0912,C336,2024-08-09,2,2,처리가 느렸어요.
SAT0913,CON0913,C337,2024-04-06,5,8,
SAT0914,CON0914,C337,2024-01-23,5,6,
SAT0915,CON0915,C337,2024-09-29,3,7,보통이에요.
SAT0916,CON0916,C337,2024-04-27,3,8,
SAT0917,CON0917,C338,2024-09-17,4,8,상담사가 친절했어요.
SAT0918,CON0918,C338,2024-07-10,4,4,도움이 됐습니다.
SAT0919,CON0919,C338,2024-02-11,3,5,
SAT0920,CON0920,C339,2024-07-17,4,6,
SAT0921,CON0921,C339,2024-11-02,4,4,상담사가 친절했어요.
SAT0922,CON0922,C339,2024-07-20,3,5,
SAT0923,CON0923,C340,2024-04-11,4,9,상담사가 친절했어요.
SAT0924,CON0924,C340,2024-09-23,4,7,상담사가 친절했어요.
SAT0925,CON0925,C341,2024-07-01,4,6,상담사가 친절했어요.
SAT0926,CON0926,C342,2024-08-13,5,2,
SAT0927,CON0927,C342,2024-05-26,3,6,그럭저럭이에요.
SAT0928,CON0928,C343,2024-08-20,2,5,기대보다 별로였어요.
SAT0929,CON0929,C343,2024-01-05,3,5,해결은 됐는데 시간이 좀 걸렸어요.
SAT0930,CON0930,C344,2024-10-24,3,6,
SAT0931,CON0931,C344,2024-10-02,3,7,보통이에요.
SAT0932,CON0932,C345,2024-02-11,4,7,상담사가 친절했어요.
SAT0933,CON0933,C346,2024-09-16,1,4,전혀 해결이 안 됐어요.
SAT0934,CON0934,C346,2024-08-09,1,7,다음엔 이용하고 싶지 않아요.
SAT0935,CON0935,C347,2024-03-31,4,7,
SAT0936,CON0936,C347,2024-02-15,5,7,
SAT0937,CON0937,C347,2024-05-24,3,5,
SAT0938,CON0938,C347,2024-07-19,3,5,
SAT0939,CON0939,C348,2024-09-22,3,6,보통이에요.
SAT0940,CON0940,C349,2024-07-17,2,4,개선이 필요한 것 같아요.
SAT0941,CON0941,C349,2024-04-19,2,7,기대보다 별로였어요.
SAT0942,CON0942,C349,2024-01-15,4,6,상담사가 친절했어요.
SAT0943,CON0943,C350,2024-06-23,5,5,빠른 처리에 매우 만족합니다.
SAT0944,CON0944,C350,2024-03-18,2,6,개선이 필요한 것 같아요.
SAT0945,CON0945,C350,2024-02-01,3,7,그럭저럭이에요.
SAT0946,CON0946,C350,2024-03-11,4,7,
SAT0947,CON0947,C351,2024-12-31,4,6,도움이 됐습니다.
SAT0948,CON0948,C351,2024-09-03,4,6,도움이 됐습니다.
SAT0949,CON0949,C351,2024-01-31,3,7,해결은 됐는데 시간이 좀 걸렸어요.
SAT0950,CON0950,C351,2024-02-27,4,6,상담사가 친절했어요.
SAT0951,CON0951,C352,2024-09-30,4,5,
SAT0952,CON0952,C352,2024-10-20,2,4,
SAT0953,CON0953,C352,2024-09-11,3,6,보통이에요.
SAT0954,CON0954,C352,2024-10-07,1,3,너무 불만족스러워요.
SAT0955,CON0955,C352,2024-09-15,4,7,
SAT0956,CON0956,C352,2024-10-18,1,2,너무 불만족스러워요.
SAT0957,CON0957,C353,2024-04-25,4,5,상담사가 친절했어요.
SAT0958,CON0958,C353,2024-02-11,2,7,처리가 느렸어요.
SAT0959,CON0959,C353,2024-07-04,2,7,처리가 느렸어요.
SAT0960,CON0960,C353,2024-11-09,2,3,기대보다 별로였어요.
SAT0961,CON0961,C354,2024-06-28,4,7,상담사가 친절했어요.
SAT0962,CON0962,C354,2024-10-18,2,5,개선이 필요한 것 같아요.
SAT0963,CON0963,C354,2024-07-30,4,7,대체로 만족스러웠어요.
SAT0964,CON0964,C354,2024-04-30,3,8,그럭저럭이에요.
SAT0965,CON0965,C355,2024-04-22,2,7,
SAT0966,CON0966,C355,2024-02-27,3,6,보통이에요.
SAT0967,CON0967,C355,2024-11-06,3,7,보통이에요.
SAT0968,CON0968,C356,2024-05-30,2,6,
SAT0969,CON0969,C356,2024-06-03,4,3,상담사가 친절했어요.
SAT0970,CON0970,C356,2024-03-31,4,8,
SAT0971,CON0971,C356,2024-05-01,3,5,
SAT0972,CON0972,C357,2024-05-21,2,6,기대보다 별로였어요.
SAT0973,CON0973,C357,2024-08-08,4,6,도움이 됐습니다.
SAT0974,CON0974,C358,2024-06-15,5,7,
SAT0975,CON0975,C359,2024-03-17,2,6,기대보다 별로였어요.
SAT0976,CON0976,C360,2024-06-15,4,7,
SAT0977,CON0977,C360,2024-09-06,3,6,
SAT0978,CON0978,C362,2024-07-29,4,2,대체로 만족스러웠어요.
SAT0979,CON0979,C363,2024-02-10,5,5,
SAT0980,CON0980,C363,2024-10-17,3,2,
SAT0981,CON0981,C363,2024-02-09,3,5,
SAT0982,CON0982,C364,2024-12-04,3,8,해결은 됐는데 시간이 좀 걸렸어요.
SAT0983,CON0983,C364,2024-06-11,1,6,
SAT0984,CON0984,C364,2024-04-27,4,6,대체로 만족스러웠어요.
SAT0985,CON0985,C365,2024-01-10,1,6,너무 불만족스러워요.
SAT0986,CON0986,C365,2024-06-25,5,6,
SAT0987,CON0987,C366,2024-03-20,4,7,
SAT0988,CON0988,C367,2024-10-12,4,6,대체로 만족스러웠어요.
SAT0989,CON0989,C368,2024-01-16,4,5,대체로 만족스러웠어요.
SAT0990,CON0990,C368,2024-06-23,5,7,문제가 바로 해결됐어요. 최고입니다.
SAT0991,CON0991,C368,2024-11-04,3,6,해결은 됐는데 시간이 좀 걸렸어요.
SAT0992,CON0992,C369,2024-03-15,4,6,
SAT0993,CON0993,C369,2024-01-31,4,7,도움이 됐습니다.
SAT0994,CON0994,C369,2024-04-03,4,7,
SAT0995,CON0995,C370,2024-03-17,2,3,
SAT0996,CON0996,C370,2024-03-03,4,7,
SAT0997,CON0997,C371,2024-08-18,5,5,정말 친절하게 도와주셔서 감사해요!
SAT0998,CON0998,C371,2024-03-15,3,5,그럭저럭이에요.
SAT0999,CON0999,C371,2024-05-17,5,8,정말 친절하게 도와주셔서 감사해요!
SAT1000,CON1000,C371,2024-12-08,3,9,해결은 됐는데 시간이 좀 걸렸어요.
SAT1001,CON1001,C372,2024-02-17,3,5,보통이에요.
SAT1002,CON1002,C372,2024-04-20,3,5,
SAT1003,CON1003,C373,2024-02-28,2,7,
SAT1004,CON1004,C373,2024-06-14,5,8,
SAT1005,CON1005,C373,2024-08-19,4,7,
SAT1006,CON1006,C373,2024-10-30,4,6,도움이 됐습니다.
SAT1007,CON1007,C374,2024-06-14,3,7,
SAT1008,CON1008,C375,2024-07-05,5,9,정말 친절하게 도와주셔서 감사해요!
SAT1009,CON1009,C375,2024-07-29,4,4,대체로 만족스러웠어요.
SAT1010,CON1010,C376,2024-12-17,2,9,기대보다 별로였어요.
SAT1011,CON1011,C376,2024-02-03,5,5,
SAT1012,CON1012,C376,2024-05-05,5,9,
SAT1013,CON1013,C376,2024-04-21,2,3,처리가 느렸어요.
SAT1014,CON1014,C377,2024-05-08,1,3,다음엔 이용하고 싶지 않아요.
SAT1015,CON1015,C377,2024-08-14,2,4,
SAT1016,CON1016,C377,2024-11-09,4,7,상담사가 친절했어요.
SAT1017,CON1017,C377,2025-01-02,4,6,
SAT1018,CON1018,C378,2024-10-15,1,7,너무 불만족스러워요.
SAT1019,CON1019,C379,2024-06-01,3,6,해결은 됐는데 시간이 좀 걸렸어요.
SAT1020,CON1020,C380,2024-08-14,5,8,빠른 처리에 매우 만족합니다.
SAT1021,CON1021,C380,2024-04-05,3,6,그럭저럭이에요.
SAT1022,CON1022,C381,2024-02-20,3,3,보통이에요.
SAT1023,CON1023,C382,2024-01-06,4,7,대체로 만족스러웠어요.
SAT1024,CON1024,C382,2024-10-01,3,6,
SAT1025,CON1025,C382,2024-06-07,3,6,
SAT1026,CON1026,C383,2024-09-11,5,3,빠른 처리에 매우 만족합니다.
SAT1027,CON1027,C383,2024-03-29,4,5,상담사가 친절했어요.
SAT1028,CON1028,C383,2024-03-30,4,8,도움이 됐습니다.
SAT1029,CON1029,C384,2024-10-22,2,3,기대보다 별로였어요.
SAT1030,CON1030,C384,2024-10-05,4,10,대체로 만족스러웠어요.
SAT1031,CON1031,C384,2024-10-08,3,7,해결은 됐는데 시간이 좀 걸렸어요.
SAT1032,CON1032,C384,2024-10-05,4,6,
SAT1033,CON1033,C385,2024-08-08,4,6,상담사가 친절했어요.
SAT1034,CON1034,C386,2024-10-17,4,5,상담사가 친절했어요.
SAT1035,CON1035,C386,2024-11-07,3,7,보통이에요.
SAT1036,CON1036,C386,2024-10-04,4,7,상담사가 친절했어요.
SAT1037,CON1037,C386,2024-11-27,4,8,
SAT1038,CON1038,C387,2024-03-13,5,8,문제가 바로 해결됐어요. 최고입니다.
SAT1039,CON1039,C388,2024-10-17,3,4,보통이에요.
SAT1040,CON1040,C389,2024-03-31,5,5,정말 친절하게 도와주셔서 감사해요!
SAT1041,CON1041,C390,2024-04-28,4,6,
SAT1042,CON1042,C390,2024-09-21,3,4,
SAT1043,CON1043,C391,2024-08-05,4,7,대체로 만족스러웠어요.
SAT1044,CON1044,C391,2024-07-15,4,6,대체로 만족스러웠어요.
SAT1045,CON1045,C391,2024-07-04,4,4,상담사가 친절했어요.
SAT1046,CON1046,C392,2024-01-18,2,5,개선이 필요한 것 같아요.
SAT1047,CON1047,C393,2024-12-18,3,4,해결은 됐는데 시간이 좀 걸렸어요.
SAT1048,CON1048,C394,2024-01-15,5,9,정말 친절하게 도와주셔서 감사해요!
SAT1049,CON1049,C395,2024-11-25,5,7,
SAT1050,CON1050,C395,2024-02-09,3,4,
SAT1051,CON1051,C397,2024-03-17,3,6,
SAT1052,CON1052,C397,2024-10-19,4,8,대체로 만족스러웠어요.
SAT1053,CON1053,C397,2024-11-28,3,4,해결은 됐는데 시간이 좀 걸렸어요.
SAT1054,CON1054,C397,2024-09-27,4,5,대체로 만족스러웠어요.
SAT1055,CON1055,C398,2024-03-11,1,1,다음엔 이용하고 싶지 않아요.
SAT1056,CON1056,C398,2024-12-19,4,5,상담사가 친절했어요.
SAT1057,CON1057,C399,2024-07-29,4,4,
SAT1058,CON1058,C399,2024-10-15,2,4,기대보다 별로였어요.
SAT1059,CON1059,C399,2024-11-08,2,5,
SAT1060,CON1060,C399,2024-10-06,3,4,
SAT1061,CON1061,C400,2024-03-21,3,3,
SAT1062,CON1062,C401,2024-06-28,3,6,
SAT1063,CON1063,C403,2024-02-15,4,6,도움이 됐습니다.
SAT1064,CON1064,C403,2024-03-24,4,10,상담사가 친절했어요.
SAT1065,CON1065,C403,2024-08-08,1,7,다음엔 이용하고 싶지 않아요.
SAT1066,CON1066,C404,2024-09-19,2,7,
SAT1067,CON1067,C405,2024-09-13,4,8,
SAT1068,CON1068,C405,2024-02-10,5,9,
SAT1069,CON1069,C405,2024-10-17,4,7,
SAT1070,CON1070,C405,2024-11-26,3,7,
SAT1071,CON1071,C406,2024-02-16,3,8,그럭저럭이에요.
SAT1072,CON1072,C406,2024-12-24,3,8,그럭저럭이에요.
SAT1073,CON1073,C406,2024-03-15,3,7,해결은 됐는데 시간이 좀 걸렸어요.
SAT1074,CON1074,C407,2024-01-02,5,7,
SAT1075,CON1075,C407,2024-12-28,5,6,
SAT1076,CON1076,C408,2024-12-06,2,7,개선이 필요한 것 같아요.
SAT1077,CON1077,C408,2024-08-13,3,6,그럭저럭이에요.
SAT1078,CON1078,C410,2024-05-02,2,6,기대보다 별로였어요.
SAT1079,CON1079,C410,2024-03-29,4,8,
SAT1080,CON1080,C410,2024-12-21,3,7,
SAT1081,CON1081,C410,2024-08-25,4,8,
SAT1082,CON1082,C411,2024-09-13,3,6,보통이에요.
SAT1083,CON1083,C411,2024-05-07,2,4,기대보다 별로였어요.
SAT1084,CON1084,C412,2024-01-10,5,3,빠른 처리에 매우 만족합니다.
SAT1085,CON1085,C412,2024-09-03,2,9,개선이 필요한 것 같아요.
SAT1086,CON1086,C412,2024-12-12,3,6,
SAT1087,CON1087,C412,2024-07-13,3,8,그럭저럭이에요.
SAT1088,CON1088,C413,2024-02-25,2,6,
SAT1089,CON1089,C413,2024-02-18,2,6,
SAT1090,CON1090,C414,2024-08-15,4,5,
SAT1091,CON1091,C414,2024-11-23,2,3,처리가 느렸어요.
SAT1092,CON1092,C415,2024-03-10,4,6,대체로 만족스러웠어요.
SAT1093,CON1093,C416,2024-05-15,1,5,
SAT1094,CON1094,C417,2024-01-10,4,5,상담사가 친절했어요.
SAT1095,CON1095,C418,2024-05-20,3,4,
SAT1096,CON1096,C418,2024-05-12,4,2,도움이 됐습니다.
SAT1097,CON1097,C418,2024-05-20,4,5,상담사가 친절했어요.
SAT1098,CON1098,C418,2024-06-26,3,0,해결은 됐는데 시간이 좀 걸렸어요.
SAT1099,CON1099,C418,2024-06-02,3,0,보통이에요.
SAT1100,CON1100,C419,2024-06-21,3,8,보통이에요.
SAT1101,CON1101,C419,2024-11-26,4,5,도움이 됐습니다.
SAT1102,CON1102,C419,2024-01-23,3,9,해결은 됐는데 시간이 좀 걸렸어요.
SAT1103,CON1103,C419,2024-03-08,3,6,보통이에요.
SAT1104,CON1104,C420,2024-09-23,2,8,기대보다 별로였어요.
SAT1105,CON1105,C420,2024-12-08,4,6,
SAT1106,CON1106,C420,2024-06-11,3,5,
SAT1107,CON1107,C421,2024-12-26,3,6,
SAT1108,CON1108,C421,2024-12-07,3,6,
SAT1109,CON1109,C422,2024-07-13,4,5,
SAT1110,CON1110,C422,2024-09-20,4,6,도움이 됐습니다.
SAT1111,CON1111,C422,2024-12-09,5,7,빠른 처리에 매우 만족합니다.
SAT1112,CON1112,C423,2024-08-10,4,9,상담사가 친절했어요.
SAT1113,CON1113,C423,2024-10-09,2,8,기대보다 별로였어요.
SAT1114,CON1114,C423,2024-10-28,4,7,도움이 됐습니다.
SAT1115,CON1115,C423,2024-03-06,3,8,
SAT1116,CON1116,C424,2024-11-25,3,2,
SAT1117,CON1117,C424,2024-02-10,4,6,대체로 만족스러웠어요.
SAT1118,CON1118,C424,2024-08-17,4,5,대체로 만족스러웠어요.
SAT1119,CON1119,C425,2024-10-15,4,6,상담사가 친절했어요.
SAT1120,CON1120,C425,2024-11-20,4,6,상담사가 친절했어요.
SAT1121,CON1121,C425,2025-01-03,3,4,그럭저럭이에요.
SAT1122,CON1122,C426,2024-11-03,2,7,기대보다 별로였어요.
SAT1123,CON1123,C426,2024-03-06,4,7,대체로 만족스러웠어요.
SAT1124,CON1124,C427,2024-05-22,3,7,
SAT1125,CON1125,C427,2024-05-08,3,5,해결은 됐는데 시간이 좀 걸렸어요.
SAT1126,CON1126,C427,2024-02-23,4,7,도움이 됐습니다.
SAT1127,CON1127,C427,2024-06-03,4,6,도움이 됐습니다.
SAT1128,CON1128,C428,2024-10-23,4,4,
SAT1129,CON1129,C428,2024-11-25,4,5,도움이 됐습니다.
SAT1130,CON1130,C428,2024-11-08,3,7,보통이에요.
SAT1131,CON1131,C429,2024-05-05,4,3,상담사가 친절했어요.
SAT1132,CON1132,C430,2024-02-02,3,6,해결은 됐는데 시간이 좀 걸렸어요.
SAT1133,CON1133,C430,2024-09-25,4,3,도움이 됐습니다.
SAT1134,CON1134,C430,2024-09-29,3,5,그럭저럭이에요.
SAT1135,CON1135,C430,2024-12-10,3,7,보통이에요.
SAT1136,CON1136,C431,2024-01-26,3,6,해결은 됐는데 시간이 좀 걸렸어요.
SAT1137,CON1137,C431,2024-09-08,3,5,
SAT1138,CON1138,C431,2024-10-17,3,6,보통이에요.
SAT1139,CON1139,C431,2024-08-06,4,5,상담사가 친절했어요.
SAT1140,CON1140,C432,2024-02-27,4,4,
SAT1141,CON1141,C432,2024-06-20,3,10,그럭저럭이에요.
SAT1142,CON1142,C433,2024-09-11,5,5,빠른 처리에 매우 만족합니다.
SAT1143,CON1143,C433,2024-01-16,2,5,처리가 느렸어요.
SAT1144,CON1144,C433,2024-02-18,4,4,도움이 됐습니다.
SAT1145,CON1145,C434,2024-12-15,4,4,도움이 됐습니다.
SAT1146,CON1146,C434,2024-05-21,4,7,도움이 됐습니다.
SAT1147,CON1147,C434,2024-01-31,3,6,보통이에요.
SAT1148,CON1148,C435,2024-07-19,4,5,대체로 만족스러웠어요.
SAT1149,CON1149,C436,2024-11-08,4,8,대체로 만족스러웠어요.
SAT1150,CON1150,C436,2024-09-05,4,3,도움이 됐습니다.
SAT1151,CON1151,C436,2024-08-09,4,3,도움이 됐습니다.
SAT1152,CON1152,C437,2024-09-20,3,4,그럭저럭이에요.
SAT1153,CON1153,C437,2024-07-12,3,5,그럭저럭이에요.
SAT1154,CON1154,C437,2024-03-09,2,6,개선이 필요한 것 같아요.
SAT1155,CON1155,C437,2024-11-03,4,4,도움이 됐습니다.
SAT1156,CON1156,C438,2024-12-12,5,9,문제가 바로 해결됐어요. 최고입니다.
SAT1157,CON1157,C439,2024-07-01,4,6,상담사가 친절했어요.
SAT1158,CON1158,C439,2024-08-16,1,5,너무 불만족스러워요.
SAT1159,CON1159,C439,2024-07-12,4,4,도움이 됐습니다.
SAT1160,CON1160,C439,2024-01-30,2,5,기대보다 별로였어요.
SAT1161,CON1161,C440,2024-07-14,3,7,해결은 됐는데 시간이 좀 걸렸어요.
SAT1162,CON1162,C440,2024-07-26,2,5,
SAT1163,CON1163,C441,2024-05-17,5,6,문제가 바로 해결됐어요. 최고입니다.
SAT1164,CON1164,C441,2024-10-27,3,9,해결은 됐는데 시간이 좀 걸렸어요.
SAT1165,CON1165,C441,2024-10-29,3,8,그럭저럭이에요.
SAT1166,CON1166,C442,2024-07-07,2,7,
SAT1167,CON1167,C442,2024-06-28,1,5,전혀 해결이 안 됐어요.
SAT1168,CON1168,C443,2024-12-29,5,5,문제가 바로 해결됐어요. 최고입니다.
SAT1169,CON1169,C444,2024-03-24,3,6,그럭저럭이에요.
SAT1170,CON1170,C444,2024-08-09,4,4,대체로 만족스러웠어요.
SAT1171,CON1171,C445,2024-03-15,3,4,
SAT1172,CON1172,C445,2024-10-12,4,5,대체로 만족스러웠어요.
SAT1173,CON1173,C445,2024-03-29,3,2,보통이에요.
SAT1174,CON1174,C446,2024-09-24,5,7,정말 친절하게 도와주셔서 감사해요!
SAT1175,CON1175,C446,2024-04-04,4,4,상담사가 친절했어요.
SAT1176,CON1176,C446,2024-06-27,5,6,정말 친절하게 도와주셔서 감사해요!
SAT1177,CON1177,C447,2024-03-20,2,6,개선이 필요한 것 같아요.
SAT1178,CON1178,C447,2024-11-14,3,1,보통이에요.
SAT1179,CON1179,C447,2024-04-08,4,8,상담사가 친절했어요.
SAT1180,CON1180,C447,2024-07-07,3,3,그럭저럭이에요.
SAT1181,CON1181,C448,2024-02-11,3,6,보통이에요.
SAT1182,CON1182,C448,2024-10-31,3,3,해결은 됐는데 시간이 좀 걸렸어요.
SAT1183,CON1183,C449,2024-10-27,5,8,
SAT1184,CON1184,C449,2024-10-31,3,8,보통이에요.
SAT1185,CON1185,C449,2024-10-16,3,7,그럭저럭이에요.
SAT1186,CON1186,C449,2024-10-10,3,6,그럭저럭이에요.
SAT1187,CON1187,C449,2024-11-18,1,5,전혀 해결이 안 됐어요.
SAT1188,CON1188,C449,2024-10-23,3,6,그럭저럭이에요.
SAT1189,CON1189,C450,2024-02-20,3,5,해결은 됐는데 시간이 좀 걸렸어요.
SAT1190,CON1190,C450,2024-03-14,4,6,대체로 만족스러웠어요.
SAT1191,CON1191,C451,2024-12-11,3,7,그럭저럭이에요.
SAT1192,CON1192,C451,2024-08-13,5,5,정말 친절하게 도와주셔서 감사해요!
SAT1193,CON1193,C451,2024-08-10,3,7,
SAT1194,CON1194,C451,2024-10-06,4,4,도움이 됐습니다.
SAT1195,CON1195,C452,2024-03-30,3,6,
SAT1196,CON1196,C452,2024-12-11,5,6,빠른 처리에 매우 만족합니다.
SAT1197,CON1197,C453,2024-08-26,2,3,처리가 느렸어요.
SAT1198,CON1198,C453,2024-08-16,4,9,대체로 만족스러웠어요.
SAT1199,CON1199,C454,2024-02-11,4,4,상담사가 친절했어요.
SAT1200,CON1200,C454,2024-11-29,4,8,대체로 만족스러웠어요.
SAT1201,CON1201,C454,2024-03-10,2,3,
SAT1202,CON1202,C454,2024-10-22,2,3,
SAT1203,CON1203,C455,2024-09-30,3,2,
SAT1204,CON1204,C455,2024-10-07,2,6,처리가 느렸어요.
SAT1205,CON1205,C455,2024-09-03,3,5,
SAT1206,CON1206,C456,2024-11-01,1,5,너무 불만족스러워요.
SAT1207,CON1207,C456,2024-10-26,2,3,기대보다 별로였어요.
SAT1208,CON1208,C456,2024-10-19,4,6,대체로 만족스러웠어요.
SAT1209,CON1209,C457,2024-10-28,2,5,기대보다 별로였어요.
SAT1210,CON1210,C457,2024-04-16,2,7,처리가 느렸어요.
SAT1211,CON1211,C457,2024-07-14,1,5,너무 불만족스러워요.
SAT1212,CON1212,C458,2024-02-04,4,7,대체로 만족스러웠어요.
SAT1213,CON1213,C459,2024-07-02,4,5,
SAT1214,CON1214,C460,2024-04-06,4,6,
SAT1215,CON1215,C461,2024-06-08,2,5,기대보다 별로였어요.
SAT1216,CON1216,C461,2024-05-23,3,3,그럭저럭이에요.
SAT1217,CON1217,C461,2024-09-17,4,5,도움이 됐습니다.
SAT1218,CON1218,C461,2024-05-02,4,8,대체로 만족스러웠어요.
SAT1219,CON1219,C462,2024-10-18,4,6,상담사가 친절했어요.
SAT1220,CON1220,C463,2024-08-04,2,5,기대보다 별로였어요.
SAT1221,CON1221,C463,2024-02-24,3,7,보통이에요.
SAT1222,CON1222,C463,2024-11-03,5,10,빠른 처리에 매우 만족합니다.
SAT1223,CON1223,C464,2024-02-09,4,2,상담사가 친절했어요.
SAT1224,CON1224,C465,2024-03-27,4,6,상담사가 친절했어요.
SAT1225,CON1225,C465,2024-07-11,3,4,
SAT1226,CON1226,C465,2024-03-23,3,5,그럭저럭이에요.
SAT1227,CON1227,C465,2024-11-04,2,7,처리가 느렸어요.
SAT1228,CON1228,C466,2024-08-22,4,6,
SAT1229,CON1229,C466,2024-07-20,2,5,처리가 느렸어요.
SAT1230,CON1230,C466,2024-06-28,3,1,보통이에요.
SAT1231,CON1231,C466,2024-12-20,4,5,도움이 됐습니다.
SAT1232,CON1232,C467,2024-03-09,4,6,
SAT1233,CON1233,C467,2024-07-08,4,6,
SAT1234,CON1234,C468,2024-08-12,5,4,정말 친절하게 도와주셔서 감사해요!
SAT1235,CON1235,C468,2024-01-18,4,10,
SAT1236,CON1236,C468,2024-12-07,3,6,그럭저럭이에요.
SAT1237,CON1237,C469,2024-12-28,3,5,해결은 됐는데 시간이 좀 걸렸어요.
SAT1238,CON1238,C470,2024-07-23,5,2,
SAT1239,CON1239,C470,2024-03-02,4,2,
SAT1240,CON1240,C470,2024-06-19,4,8,대체로 만족스러웠어요.
SAT1241,CON1241,C470,2024-07-07,2,4,기대보다 별로였어요.
SAT1242,CON1242,C471,2024-09-15,4,5,상담사가 친절했어요.
SAT1243,CON1243,C472,2024-09-27,3,6,그럭저럭이에요.
SAT1244,CON1244,C472,2024-05-06,4,9,상담사가 친절했어요.
SAT1245,CON1245,C472,2024-01-19,4,7,
SAT1246,CON1246,C472,2024-03-07,2,6,처리가 느렸어요.
SAT1247,CON1247,C473,2024-11-27,4,7,
SAT1248,CON1248,C473,2024-10-11,2,6,
SAT1249,CON1249,C474,2024-07-22,4,6,대체로 만족스러웠어요.
SAT1250,CON1250,C474,2024-07-01,5,5,빠른 처리에 매우 만족합니다.
SAT1251,CON1251,C475,2024-04-30,2,7,개선이 필요한 것 같아요.
SAT1252,CON1252,C475,2024-05-23,3,8,보통이에요.
SAT1253,CON1253,C476,2024-10-20,4,4,대체로 만족스러웠어요.
SAT1254,CON1254,C476,2024-11-02,5,7,
SAT1255,CON1255,C476,2024-08-22,3,4,보통이에요.
SAT1256,CON1256,C476,2024-08-28,3,5,보통이에요.
SAT1257,CON1257,C477,2024-07-24,3,6,
SAT1258,CON1258,C477,2024-02-24,4,4,도움이 됐습니다.
SAT1259,CON1259,C478,2024-03-31,4,2,
SAT1260,CON1260,C478,2024-09-25,3,5,
SAT1261,CON1261,C479,2024-11-16,3,7,보통이에요.
SAT1262,CON1262,C480,2024-02-22,4,6,도움이 됐습니다.
SAT1263,CON1263,C480,2024-11-08,3,5,그럭저럭이에요.
SAT1264,CON1264,C481,2024-10-31,4,7,
SAT1265,CON1265,C482,2024-12-13,5,5,
SAT1266,CON1266,C483,2024-05-01,4,7,대체로 만족스러웠어요.
SAT1267,CON1267,C483,2024-08-21,4,7,
SAT1268,CON1268,C483,2024-08-14,2,7,기대보다 별로였어요.
SAT1269,CON1269,C485,2024-06-11,3,9,보통이에요.
SAT1270,CON1270,C485,2024-11-11,3,7,보통이에요.
SAT1271,CON1271,C487,2024-06-16,4,6,
SAT1272,CON1272,C487,2024-06-03,4,6,
SAT1273,CON1273,C487,2024-06-14,4,6,
SAT1274,CON1274,C487,2024-06-21,4,5,상담사가 친절했어요.
SAT1275,CON1275,C487,2024-06-11,2,4,기대보다 별로였어요.
SAT1276,CON1276,C488,2024-04-20,4,7,대체로 만족스러웠어요.
SAT1277,CON1277,C488,2024-06-27,2,3,
SAT1278,CON1278,C488,2024-02-06,3,6,그럭저럭이에요.
SAT1279,CON1279,C489,2024-09-14,4,5,도움이 됐습니다.
SAT1280,CON1280,C489,2024-08-14,3,4,보통이에요.
SAT1281,CON1281,C490,2024-08-26,3,4,보통이에요.
SAT1282,CON1282,C490,2024-03-31,3,2,그럭저럭이에요.
SAT1283,CON1283,C490,2024-11-12,3,5,
SAT1284,CON1284,C490,2024-02-15,4,5,상담사가 친절했어요.
SAT1285,CON1285,C491,2024-05-26,2,8,개선이 필요한 것 같아요.
SAT1286,CON1286,C491,2024-01-27,5,4,
SAT1287,CON1287,C491,2024-06-28,3,5,해결은 됐는데 시간이 좀 걸렸어요.
SAT1288,CON1288,C492,2024-12-10,2,7,기대보다 별로였어요.
SAT1289,CON1289,C492,2024-04-28,4,7,
SAT1290,CON1290,C492,2024-02-11,5,5,문제가 바로 해결됐어요. 최고입니다.
SAT1291,CON1291,C492,2024-12-31,4,6,상담사가 친절했어요.
SAT1292,CON1292,C493,2024-08-01,5,8,빠른 처리에 매우 만족합니다.
SAT1293,CON1293,C493,2024-08-07,3,4,
SAT1294,CON1294,C493,2024-08-01,4,8,
SAT1295,CON1295,C493,2024-08-28,1,3,
SAT1296,CON1296,C493,2024-08-01,3,5,그럭저럭이에요.
SAT1297,CON1297,C493,2024-09-02,2,4,
SAT1298,CON1298,C494,2024-09-04,3,6,그럭저럭이에요.
SAT1299,CON1299,C494,2024-08-16,2,5,
SAT1300,CON1300,C494,2024-08-11,5,6,빠른 처리에 매우 만족합니다.
SAT1301,CON1301,C494,2024-09-15,1,2,전혀 해결이 안 됐어요.
SAT1302,CON1302,C494,2024-09-01,1,4,전혀 해결이 안 됐어요.
SAT1303,CON1303,C494,2024-09-16,2,4,처리가 느렸어요.
SAT1304,CON1304,C494,2024-08-20,4,4,상담사가 친절했어요.
SAT1305,CON1305,C495,2024-05-19,3,9,보통이에요.
SAT1306,CON1306,C495,2024-08-31,3,6,보통이에요.
SAT1307,CON1307,C495,2024-04-05,4,5,대체로 만족스러웠어요.
SAT1308,CON1308,C496,2024-11-24,2,4,
SAT1309,CON1309,C497,2024-05-12,4,8,상담사가 친절했어요.
SAT1310,CON1310,C497,2024-02-22,3,5,
SAT1311,CON1311,C498,2024-07-30,4,8,대체로 만족스러웠어요.
SAT1312,CON1312,C498,2024-07-04,4,5,
SAT1313,CON1313,C498,2024-04-27,5,5,
SAT1314,CON1314,C498,2024-01-26,3,7,그럭저럭이에요.
SAT1315,CON1315,C499,2024-12-17,3,2,그럭저럭이에요.
SAT1316,CON1316,C499,2024-11-01,3,4,
SAT1317,CON1317,C499,2024-05-13,5,7,정말 친절하게 도와주셔서 감사해요!
SAT1318,CON1318,C499,2024-02-19,2,6,
SAT1319,CON1319,C500,2025-01-02,4,5,상담사가 친절했어요.
SAT1320,CON1320,C500,2024-02-21,4,3,도움이 됐습니다.
